ftype,bid,bname,city
Italian,--AKjxBmhm9DWrh-e0hTOw,Grigio,Laval
Chinese,--BlvDO_RG2yElKu9XA1_g,"Asian Island",Scottsdale
"Japanese and Korean",--BlvDO_RG2yElKu9XA1_g,"Asian Island",Scottsdale
"Comfort Food",--jFTZmywe7StuZ2hEjxyA,Subway,"Las Vegas"
"American and British",--pOlFxITWnhzc7SHSIP0A,"Block & Grinder",Charlotte
Chinese,--qeSYxyn62mMjWvznNTdg,"Panda Express","Casa Grande"
"Comfort Food",--qeSYxyn62mMjWvznNTdg,"Panda Express","Casa Grande"
"American and British",--UE_y6auTgq3FXlvUMkbw,"Ritters Diner",Pittsburgh
"Comfort Food",--Y_2lDOtVDioX5bwF6GIw,"Buck & Badger",Madison
Chinese,--zgHBiQpr8H2ZqSdGmguQ,"China Star Buffet","Las Vegas"
"American and British",-0GkcDiIgVm0XzDZC8RFOg,"Crane Alley",Urbana
"Comfort Food",-0HGqwlfw3I8nkJyMHxAsQ,McDonald's,Phoenix
"American and British",-0xwm_AwS0d_5rwUprHGuw,"Cup O'Karma",Mesa
"American and British",-1bOb2izeJBZjHC7NWxiPA,"First Watch",Phoenix
"Comfort Food",-1BzcQK-HDA6LVOThHMpsw,"AJ's Pizzeria and Diner",Verona
"Comfort Food",-1ERbsOf9XOC9wGbZYFr7g,"Toros Cantina & Gaming","Las Vegas"
Halal,-1oj6-fkP-iO6OyW8QBqPg,"Jerusalem Middle Eastern Cuisine",Champaign
"Comfort Food",-1qDklczWpxON-3_Nj9NgA,Arby's,Tempe
Chinese,-23t2qOQWj8Kqp-Ijm1BQA,"Mandarin Gourmet",Pittsburgh
"Comfort Food",-27u-98Ugczq_xsNPdcvEg,IHOP,Henderson
French,-2b5uNj_OLmDrWYIQoSjWg,"Yola's Cajun Fried Chicken","San Tan Valley"
"Comfort Food",-2gyHPSL8pJjkSe5Ozzw6Q,Caldero,Scottsdale
Italian,-2n-OHbbwIv3SY8RP9bgTQ,"Maggiano's Little Italy","Las Vegas"
"Comfort Food",-2NCvK5807Nxs9GUb2Eo1g,"Juliana Pizza Family Restaurant",Charlotte
"Comfort Food",-347ffrUUMrn26J2VGf5bA,McDonald's,Henderson
"American and British",-36CwMJZJigqPMYrx9BJzw,"TGI Fridays","Las Vegas"
"Comfort Food",-3fmY6IhikhUQXpiaLgxHA,McDonald's,"Cottage Grove"
"Comfort Food",-3frEL8Vo8kyq4kfgTn0GA,Filiberto's,Chandler
"American and British",-3GT67Nuddlp4E_Udb3GKw,"Skully's Chicken and Fish",Urbana
"Comfort Food",-3Qu8aYgOleRw-OThNPovA,"Sole d' Oro",Karlsruhe
Italian,-3Qu8aYgOleRw-OThNPovA,"Sole d' Oro",Karlsruhe
"Comfort Food",-3rFL_inpK_lRLHpiEn1og,"Burger King",Peoria
"Comfort Food",-3sztqW_An5xm287fMrXyQ,"Rolbetos Mexican Food",Coolidge
Chinese,-3WVw1TNQbPBzaKCaQQ1AQ,"China Chili",Phoenix
"American and British",-4bNlx03GsXzgkHZwTrMaw,"Redbeard's On Sixth",Pittsburgh
"Comfort Food",-4BtfPW3_v092G8pqHrv4w,Wendy's,Chandler
"Comfort Food",-4mNZfAXMd2mxEsD2YRcaQ,McDonald's,"Las Vegas"
"American and British",-4PHmmCt_RmAfaE3sDKW_g,"Mr Roberts",Madison
"Comfort Food",-4PHmmCt_RmAfaE3sDKW_g,"Mr Roberts",Madison
"American and British",-4RFDwrW_OI39zA55FqDpw,"Miracle Mile Delicatessen",Phoenix
"Comfort Food",-4RFDwrW_OI39zA55FqDpw,"Miracle Mile Delicatessen",Phoenix
"Comfort Food",-4THvPKs5M3P2036bJ50GA,"Super Burrito",Henderson
"Comfort Food",-4vjcfGpSB2deqkySrKEsg,"Jalapeño Mexican Grill",Madison
"American and British",-4XBX2pNLrGmRK-7YoXtsg,"Hickory Tavern",Charlotte
"Comfort Food",-584fn2GxYe9sLsgN2WeQA,"Great Links Brewhouse & Grill","Las Vegas"
"Comfort Food",-5biAn5qQYk3X5NYlA98pw,"Birrieria Jalisco","Las Vegas"
French,-5RN56jH78MV2oquLV_G8g,Picasso,"Las Vegas"
Italian,-5xC7s9Ujg5F-3xFXtM_kg,"Benvenuto's Italian Grill",Madison
"Southeast Asian",-61DEHETxmlE5XnJcL6dKw,"Pho Thanh",Dollard-Des-Ormeaux
"Comfort Food",-6GmhSnM8D48JtJkxVAmbA,"Burrito King",Champaign
"American and British",-6j-KVPPX2xKjCruNO2HnQ,"Little Spoon",Charlotte
"Comfort Food",-6j-KVPPX2xKjCruNO2HnQ,"Little Spoon",Charlotte
"American and British",-6JY1T0w4XETux5kGOj84g,"Fox and Hound Smokehouse & Tavern",Charlotte
Italian,-6n29ZcBHteJ9eEexoRQ7g,Sassi,Scottsdale
"American and British",-6ozQS5Mc6xDyGFNLNh7ZA,"Bernardin's Restaurant",Charlotte
"American and British",-6Roo-EHgSdUa4rP3tWyRw,"Mimis Cafe",Chandler
Chinese,-7Pwuxq7C04iKBiE6haISQ,"Tasty Home Kitchen",Waterloo
"Comfort Food",-7PWVPeSkUulZV0KrGysUQ,"El Pollo Loco","Las Vegas"
"Comfort Food",-7smFzvh2E2fOOYs-0Dl8w,"Chipotle Mexican Grill",Mesa
"Southeast Asian",-7ThHN3ESsJ4UUjE6IfpYw,"Pastries N Chaat",Tempe
Chinese,-7XuLxfYwZ9x72mEKXdv0A,"Lin's Golden Chinese Restaurant",Phoenix
"American and British",-8NkeBMgbGX97In5NEZtqA,"Quark's Bar & Restaurant","Las Vegas"
"Comfort Food",-8vrk9UzM2oIey95PZOHuA,KFC,Peoria
Chinese,-8wQB4T-cukbHZGO6etPMA,"Wang's Kitchen",Pittsburgh
"Comfort Food",-8wyZkzfBmCFkMwCGcR4PQ,Pugzie's,Phoenix
"American and British",-9BeUZZ1Jph1pD5qpax21g,"Lucky Lou's Tavern",Charlotte
"Comfort Food",-9iYGbkqom5fpj4iiLjsrA,"Casa Reynoso",Chandler
"American and British",-9pVS__IliMA2aNEYzrQrg,"American Junkie",Scottsdale
"American and British",-9Zy-3vhvOtsY5u2taOfQQ,"Park 51 Cafe",Charlotte
"Japanese and Korean",-a22bjfNCVL0gvKpd6RakA,"Oishii Bento",Pittsburgh
"Comfort Food",-A3i-qtJxTkvTQkXy6h-6A,"Hot Dog On A Stick",Henderson
"Comfort Food",-AAig9FG0s8gYE4f8GfowQ,"Pane Bianco",Phoenix
Italian,-AAig9FG0s8gYE4f8GfowQ,"Pane Bianco",Phoenix
Chinese,-AbU9Uw3Da3VsQJW2pPsDg,"Bombay Palace Restaurant",Montreal
"Comfort Food",-aDuOZelvBHWKh-NrXooow,"Port of Subs",Phoenix
Italian,-agh_pVxtZTaODE-3NAotg,"Bis Restaurant",Montréal
"American and British",-AjqYb-cws0GtZsHTsGQ7w,"Deep Sea Carry-Out",Edinburgh
"American and British",-Am2JVkb7nwvBAUwSugG0A,"Monticello Restaurant",Charlotte
French,-appMO8r0lE0clUwl5b_HA,"La Louisiane",Montréal
Chinese,-AyTKVwnC6sHiwL1I_FfeA,"Dragon Town",Bellevue
"Comfort Food",-A_uV8mQ4pmewj7N7t5OPA,"Two Thin Laddies",Edinburgh
"Comfort Food",-B3bkPTP8jyAs266Dk7VvA,"In-N-Out Burger",Gilbert
"American and British",-b9ZUSmcsGxutDSW1DIbdA,"Double Wide Grill",Pittsburgh
French,-bfARaSSodNvJsh4jkB78w,Pacini,Montréal
Italian,-bfARaSSodNvJsh4jkB78w,Pacini,Montréal
"Comfort Food",-bM4iAhg0-fgDFFC0FipNA,"The Roman Candle Pizzeria",Fitchburg
"Comfort Food",-bm8WT0h2thoAhA_ciXJ3A,"Pizza Silvana",Montréal
"Comfort Food",-BmTlLuabuOD81-_9Q3rvg,Brutopia,Montréal
Italian,-bSXOBQQMFS93NGm5j-VkA,"La Medusa",Karlsruhe
"American and British",-bY4XJM1HrDpsyF1yhabqw,"Sundown Saloon",Madison
"Comfort Food",-b_VjHZmA7-8LVWp6z36VA,"Mim's Burger & Mexican Food",Phoenix
French,-C-d1zn7vllF2sVu09LvxQ,"La P'tite Folie",Edinburgh
"Comfort Food",-CAxtEWbiPIJlpbWq4qz2A,"Tower Pizzeria","Las Vegas"
"Comfort Food",-cFIXmBPqcy363c-Zm0tmw,"Pizza Republic","North Las Vegas"
"American and British",-ci3EPcE8XFOMtp1m-SZdQ,"Goldfinger's Bar & Grill","Las Vegas"
"American and British",-CIZh4JOZuOEbSzLVrAIGw,"Sunrise Casablanca","Las Vegas"
"American and British",-cOzkNEQIdF1g_4o4M-uGw,"Pink Kingdom Cafe",Henderson
"Southeast Asian",-CsJLwHR6eAOTYpHpneurw,"Pho King Kitchen",Scottsdale
"Comfort Food",-cy8EpdXs44iT3FR4En0QA,"Firehouse Subs","Queen Creek"
"Comfort Food",-d1I0dwtCg1IIjnI3DZ38Q,"Susie's Mexican Cafe & Lounge",Phoenix
"American and British",-DGbZCnfEiHUy-ksKeJ72Q,"Starters Sports Bar and Grill",Tempe
"Comfort Food",-dOhouYkZyKQnV45tJ7tKQ,"Bellacino's Pizza and Grinders",Charlotte
"Comfort Food",-Dpp6uTdNmVCrX5GGJhk1w,"Einstein Bros Bagels",Phoenix
"American and British",-DRpMxRhHEKf5awoVpROkQ,"Toby Carvery",Edinburgh
"Japanese and Korean",-DUcJU9z96v4jI3aLtM8ug,"Nagoya Original Sushi Restaurant",Edinburgh
"Japanese and Korean",-dy88UgxJPIAkgVPkoNU-w,"Asiana Sushi",Phoenix
"American and British",-E6bkW2Hv92y7dzbQ8FjhA,"The Red Zone Madison",Madison
"American and British",-E6XYf1ce1NCtV3QQI-3xA,"LongHorn Steakhouse",Mesa
"American and British",-EctXOb3B7T177jGYUhjVA,"Boulders On Broadway",Tempe
"Comfort Food",-eEZHb5r8ZIzFfZAtekg1Q,"Streets of New York",Scottsdale
Italian,-eEZHb5r8ZIzFfZAtekg1Q,"Streets of New York",Scottsdale
"American and British",-Eg63HFPmh89Rl3Rhxixzg,"Hometown Dogs","Fountain Hills"
"Comfort Food",-Eg63HFPmh89Rl3Rhxixzg,"Hometown Dogs","Fountain Hills"
"Comfort Food",-eGTRXRUBYnypv8Jk08nKA,"Tuvalu Coffehouse & Gallery",Verona
French,-ERMB7X_XZvr-XPK32ii4g,"Lola's A Louisiana Kitchen","Las Vegas"
Spanish,-eZUYixS68S8Tn2Z2mT6eA,"Bodega 13",Carefree
"Comfort Food",-f5EhKQb7jPtDl1eYDwV0w,"Domino's Pizza",Phoenix
"American and British",-fA9y44FrK8nTRxjyntfTw,"Charlie D's Catfish & Chicken",Phoenix
"American and British",-ffo-JFhFj2kR6kZL4qYhg,"The Cracked Egg","Las Vegas"
Spanish,-fQ_iOKl9wIYwQtkwc7JJQ,"Miro Spanish Grill",Charlotte
"American and British",-fsCfTYEnJ4s6yStgBnQig,"Farrelli's Cinema Supper Club",Scottsdale
"Comfort Food",-Fwt0yM17CvpDv12ld6mmw,"Village Inn Pizza",Urbana
"Comfort Food",-fyBn3AEb5zFgBJoWcX34Q,"West Cornwall Pasty",Edinburgh
French,-g0zVR9LswlUud9m1eFuUQ,"The Village Coffee Shop","Cave Creek"
"American and British",-G9mzl-6Tj_3P7Hho3xAkA,Skyvue,"West Mifflin"
"Comfort Food",-G9mzl-6Tj_3P7Hho3xAkA,Skyvue,"West Mifflin"
"American and British",-gefwOTDqW9HWGDvWBPSMQ,"Seamus McCaffrey's",Phoenix
"Comfort Food",-GF267VCCEZ7es8pnKxRoA,KFC,"Las Vegas"
Italian,-gJghtHqTCCuLsvLGXaoPg,Fabio's,Edinburgh
"Comfort Food",-Gjw8TpCG0Z6obqS_yA3dQ,"Chilero's Mexican Grill",Mesa
"American and British",-GPiLRLH0MWH6Pjs0WDglg,"Black Angus Steakhouse",Glendale
"American and British",-GR4Dvxhx6ddaDiUICOSFQ,"The Bauer Kitchen",Waterloo
"Comfort Food",-gs5KEyNSERuoG61oPEQrQ,"Deli Planet",Montréal
Chinese,-Gse8l_ec33gkWgotCLsew,"The Magic Wok",Tempe
"Comfort Food",-GT5gGb2PSo8nccOu4TvEQ,"Java U",Montréal
"American and British",-GYx5GAx_-4XEsn7mFwdkA,"Red Robin Gourmet Burgers",Mesa
"Comfort Food",-GYx5GAx_-4XEsn7mFwdkA,"Red Robin Gourmet Burgers",Mesa
"American and British",-GZsHVDlI6wvLsgD1Yaj0g,"The Beat Coffeehouse & Records","Las Vegas"
"American and British",-h-q6zTIdPlkz9BDP11sBg,"Seasons 52",Phoenix
"American and British",-h1WpfgqAmJcJDqyXXJ2og,Fuddruckers,Mesa
"Comfort Food",-h1WpfgqAmJcJDqyXXJ2og,Fuddruckers,Mesa
"Comfort Food",-HK7dIj7Eyx0JsfDzgbFKw,"Jack in the Box",Charlotte
"Comfort Food",-hkMHml0GTrpxc7MD5tSlA,"Mexigrill Express",Vimont
"Comfort Food",-hQ8iZygzi0iiTFUkHgiEA,"Back East Bagels",Tempe
"Comfort Food",-hR0gDq8FD2DJI6eJX7U1A,Smashburger,"Las Vegas"
"American and British",-hv-qqymMDYlpszOzJ2RXw,"The Brass Tap - South End",Charlotte
"Southeast Asian",-hWBlyI2k95yjU-cgwCKJg,"Reign Of Thai",Phoenix
"Comfort Food",-HXchurCMn63IUz46mQ1yg,"The Tattie Shop",Bruntsfield
Chinese,-HYqXOC9BYXHrFW5PPefJQ,"Spicy City","Las Vegas"
"American and British",-hzkQ8YIkExQse3vX0HOcg,"Lil' Mama's Soul Food Cafe",Phoenix
French,-hzkQ8YIkExQse3vX0HOcg,"Lil' Mama's Soul Food Cafe",Phoenix
Chinese,-I2-9X1hbqTUH3XwvPMJjA,"Long Wongs",Chandler
"American and British",-I3Cu9rLQXtL5us5wdy8tA,"Open Range Deli and BBQ","Gold Canyon"
Halal,-I8JegdD-4huAo3z0A_ZhA,"Flame Kabob","Las Vegas"
"Japanese and Korean",-ibQywC1gy8_NdcDIKh9GQ,"Cafe Andamiro",Edinburgh
"Comfort Food",-idwOya5y8TyInuzQhmUvg,"Rock N Ronnie's","Apache Junction"
"Comfort Food",-IEBe1UpCz8-dTAp8_fClw,"Garduno's Margarita Factory & Blue Agave","Paradise Valley"
French,-iErUyidzk-c02Od6GDG2w,"271 West",Kitchener
Italian,-iErUyidzk-c02Od6GDG2w,"271 West",Kitchener
"Comfort Food",-IlEUQpPrX63tu4g356Vgg,"Café Vienne",Montréal
"Comfort Food",-ILeXEbL98YCJ6Me82O7Rg,McDonald's,"Las Vegas"
"Comfort Food",-IM6Y4Z2pZ21xvZl1mHUSA,"Taqueria el Palenque","North Las Vegas"
"American and British",-IpYERO_XHBIaVaWGdmPEg,"City Tavern",Charlotte
"Comfort Food",-iR3xWy3JK_JEhnGWQj9zg,"Las Cazuelas",Surprise
Spanish,-IXOxqxVWVSKTEFQEXq9cg,Mesón,Montréal
"Comfort Food",-j3BF7gOIi-1tAHoFA3WIw,"La Parilla Villa Catering",Phoenix
"Comfort Food",-j7Vu1kzobTtDTlOyL1BAw,"Salad and Go",Gilbert
Italian,-j8QAxujZLMh1GVRuMyF1A,"Ecco Vino",Edinburgh
"Comfort Food",-jbHH3mB9SsSDb8nOGvMSw,"George's Kitchen",Phoenix
"Comfort Food",-jbmBxIHXePbW_0PhqodIQ,"Binion's Horseshoe Deli","Las Vegas"
"Comfort Food",-jBymA8tI-WURtSBcuUdXQ,Schlotzsky's,Mesa
Halal,-JDr48-qoIdHB53femKgzg,Lezzet,Pittsburgh
"Comfort Food",-JdxFX3cjVixeNVyjl8Jug,"Papa Murphy's","Fort Mill"
Italian,-jibxC8uVWAKufpOjjkkqw,"Bottiglia Cucina & Enoteca","Las Vegas"
"Comfort Food",-JL0CWSLkkzFHZXlctnf8A,"Sweet Tomatoes",Tempe
"Comfort Food",-JpZiiGPKOuCEiODGNyovw,Wendy's,Phoenix
"American and British",-K22CWorrReIV_kgLa6dmQ,"Buffalo Wild Wings","Las Vegas"
"Southeast Asian",-K5a0_06H7FYRqqiREHjtA,"Pho 602",Phoenix
"Southeast Asian",-k5md4Iuh3_ZuA_Z6VdZeA,"Thai Touch Kitchen",Pittsburgh
"Southeast Asian",-k6-FfJyc4P1RJMIg5p99g,"Pho Dau Bo",Kitchener
"American and British",-kHm3o9J0b1dO1E0ypJjHQ,"Wildest Drams",Edinburgh
"Comfort Food",-klcXxRui4WSJpi__eV5Ww,"Burger King",Henderson
"Comfort Food",-KSjEAnm5w8TBdRVLVwi9Q,"Los Reyes De La Torta",Tempe
"Comfort Food",-kVXDEqGHOWKxQ3EhvFgVA,"Kokopelli Mexican Grill",Scottsdale
Italian,-KZA7UoULw_pM3jBBUzb8A,"Sardellas Pizza and Wings",Phoenix
"American and British",-lb5532P5eoxMadPPrZVXw,"Wild Bull All American Pub and Grill",Middleton
"Comfort Food",-lb5532P5eoxMadPPrZVXw,"Wild Bull All American Pub and Grill",Middleton
"Comfort Food",-LHHCgIUZy49sUU4j03T2w,"Phat Burrito",Charlotte
Chinese,-Lhy7f1zlTNr08lBiWb_Wg,"Saigon Wok",Karlsruhe
"Southeast Asian",-Lhy7f1zlTNr08lBiWb_Wg,"Saigon Wok",Karlsruhe
"Comfort Food",-LL8qFtRQv3JY-48gs1xlw,Wendy's,"Las Vegas"
"Japanese and Korean",-lM-2nuo2PWM_VbG6h1g1Q,"Kushi Bar Muramoto",Madison
"Comfort Food",-lOSaCuBRAvX5JBifx-EMw,"Mi Amigo's Mexican Grill",Phoenix
Chinese,-LpHtjfDuVqwBXJUOXwqbA,"China House","Las Vegas"
"Japanese and Korean",-LSe47iB69VM1NaipPeRMg,"Onoki Sushi Bar",Charlotte
"Comfort Food",-luJmoJUWtS4iQh7Bbbblw,"HoneyBaked Ham",Glendale
Halal,-m-6hfmsEfNKovsmBfK4cA,"Crazy Shawarma Grill",Cambridge
"Comfort Food",-M1rR1Ip7NOlMn5EbUkuog,McDonald's,Scottsdale
Chinese,-m3sIRU18i8LcXzfY29IjQ,"King's Buffet",Kitchener
"American and British",-M64wmNpuKLB0jCWx0pj7Q,Denny's,"Apache Junction"
"Comfort Food",-MaIpPCz4153Uh1pnzI3AA,Stonegrill,Phoenix
"American and British",-Mf4I8Jr_Vly37Z3Mgf0zQ,"JJ's Sports Cantina",Scottsdale
"Comfort Food",-MFnc3jvLEduvqkOlaylHQ,Wendy's,Chandler
"Comfort Food",-MG7bQfRuJ6pECnnrvd0-Q,Bocci,Lasalle
Italian,-MG7bQfRuJ6pECnnrvd0-Q,Bocci,Lasalle
"American and British",-MgFDby-okrbKLBc-SYWdw,"Red White & Brew",Mesa
"American and British",-Mh44q324VW8mpxIdH_HPw,Spoon,Pittsburgh
"Comfort Food",-MIzeX-TIQh8BLtPDg2F2w,Subway,Savoy
Chinese,-mLcpJYfX8tw8LR9bq018w,"Great Wall",Maricopa
Chinese,-mOOxacLlVpWOmIq9lvJHw,"China Wing",Charlotte
"Japanese and Korean",-mOOxacLlVpWOmIq9lvJHw,"China Wing",Charlotte
Italian,-movHgw5J8_X8l195k_whQ,"Caffè Italia",Montréal
"Comfort Food",-MqmwfVOoHtOrgHB-Mjw2w,"Mar Y Tierra","Las Vegas"
"American and British",-My5TniS3Jk5JxTvxneVqA,"Fire Grill Restaurant & Bar",Saint-Laurent
Chinese,-mz0Zr0Dw6ZASg7_ah1R8A,"Sing High Chop Suey House",Phoenix
"Comfort Food",-n0bDmgCCcculSyHjuTd6A,"Bruegger's Bagels",Pittsburgh
"Comfort Food",-n8BELX8Xd0rCRCGYd05xg,"Port of Subs","Las Vegas"
Italian,-Nanlb7SYXObqQ6dZ49UOg,"Pleasure Bar and Restaurant",Pittsburgh
Chinese,-nbFa-dumLw0v7J2H9L03g,"Lee Cafe","Fort Mill"
"Japanese and Korean",-nbFa-dumLw0v7J2H9L03g,"Lee Cafe","Fort Mill"
"Comfort Food",-Nc6vbO6nXoefulN1Knl9A,"Filiberto's Mexican Food",Phoenix
"Comfort Food",-Nd5eId2iqnFvAMNgRBgpA,"Casa Ramos",Mesa
Chinese,-nHYKkSJuQ7zzFZ1veRfPg,"Little Peking",Phoenix
"American and British",-nmr-3l0EmQaZAGEoXgk4w,"Pacific's Cafe",Scottsdale
"Comfort Food",-NOet8xJLGhX-eUzSIDc2Q,"Firehouse Subs",Phoenix
"Comfort Food",-nO_qj9eP-os3baYyh8eNA,"Pasta Too",Pittsburgh
"Comfort Food",-nRgJjyPsNiPMhBTdTvwrA,"La Bonita Taco Shop","Las Vegas"
"Comfort Food",-ntkzXz9IpDkH588QRzazQ,"Pizza Hut",Madison
Italian,-ntkzXz9IpDkH588QRzazQ,"Pizza Hut",Madison
"Comfort Food",-NvziNlXkm-WNK4TtTs46w,"La Palma Market","Las Vegas"
"Comfort Food",-NXDZfqwfZ9OWba180HqFw,"Tacos Mexico","Las Vegas"
"American and British",-NxrB5o0I8IhAOZfHYDiqQ,"Cafe Fiesta",Henderson
Chinese,-nYnXdVwhVVNUivuV9kI8Q,"Yum Cha","Las Vegas"
Chinese,-O42yadp5Otp2F2DsilaFA,"Mah Jong","Las Vegas"
"American and British",-O7H5LhBkE13VQZB0QZI0Q,"Fat Tuesday",Tempe
"American and British",-O7Szp08dATVv71IuDt1bA,"Times 3 Sports Grille",Glendale
Italian,-odkpokd88CBC5yKwe5RBw,"Mia Za's Italian Cafe",Madison
"Comfort Food",-OfCPTArVfsJy2NrH9J3tA,"PDQ Las Vegas: Sahara","Las Vegas"
"Comfort Food",-Ogv7rpcgUHkFaSy3vD8Sw,"Hong Kong Gourmet Buffet",Phoenix
"Comfort Food",-oHUXBPtf91dhYGy8MLwuA,"Flying Dog",Edinburgh
"Comfort Food",-oTaJYlPRMyJbuDgB5iS7w,"Port of Subs","Las Vegas"
"Comfort Food",-p-9eBYvts8tcalo5IWOKw,"Chipotle Mexican Grill",Scottsdale
"Comfort Food",-p4VPrnWxCkSfsMyCnrVig,"Zappy Pizza",Verdun
Italian,-PcyNcCHU8ZWwf6_PwDbUQ,"Enoteca San Marco","Las Vegas"
"Comfort Food",-PESvVv3rPQFAU1_cZ8_hw,"Chipotle Mexican Grill","Las Vegas"
"American and British",-pJVjm0t4F6sNHo77HlQKA,"The Cove Grill",Chandler
"Comfort Food",-pJVjm0t4F6sNHo77HlQKA,"The Cove Grill",Chandler
"Comfort Food",-PlmrxnB6Wn52ILOAyfyKA,"Burger King",Pittsburgh
"Comfort Food",-pmmu39MjTD0ht6Jjf-gmw,"Pie Five Pizza Co",Matthews
"American and British",-PyniZNMQuB5u99nr6dYVw,"Bourbon Jacks",Phoenix
"Comfort Food",-q-h-xvXosAXAQKqp-Npcg,"Felipito's Mexican Food",Henderson
"American and British",-qeubUfFjWg3yA02IFxbKQ,"Popeyes Lousiana Kitchen","Las Vegas"
"Comfort Food",-qeubUfFjWg3yA02IFxbKQ,"Popeyes Lousiana Kitchen","Las Vegas"
French,-qeubUfFjWg3yA02IFxbKQ,"Popeyes Lousiana Kitchen","Las Vegas"
"Comfort Food",-QfXaNWrFmuLHnHGjeh_PQ,"Brooklyn Boys Italian Restaurant",Maricopa
Italian,-QfXaNWrFmuLHnHGjeh_PQ,"Brooklyn Boys Italian Restaurant",Maricopa
"American and British",-QMaaz6TS5DGuxyMg8kxQg,"Outpost Saloon","Las Vegas"
"Southeast Asian",-qpbKFpODKgd80Cwkns_3Q,"Jardin Thai",Rosemere
"Southeast Asian",-qRSvG-iJv9hP3OEh_oWyg,"Joy's Restaurant","Las Vegas"
"Japanese and Korean",-qTomwT3ZKHapYevdnWUmw,"Volcano Grille","Las Vegas"
Italian,-r5aq7vjN6lMFDZ4XYErkQ,"Best Billiards","Las Vegas"
"American and British",-R7uChoaVzwNvPNMT1gOuw,"Chicks Restaurant",Charlotte
"American and British",-r8tyHl7sOS6eeyY8LetfA,"Urban Angel",Edinburgh
"American and British",-Rb9vXZjET2PfWMjLzZgvg,"Sonic Drive-In",Gilbert
"Comfort Food",-Rb9vXZjET2PfWMjLzZgvg,"Sonic Drive-In",Gilbert
"American and British",-Rj4yXguyZ06ZMPMmoR9tg,"Keegan's Grill",Chandler
"Comfort Food",-RLbi7dGQJeWhG8xOWatpQ,"Teddy's Deli-Bar",Pointe-Aux-Trembles
Chinese,-RnHetpjoz1mKVNMHfh1qQ,"Empress Court","Las Vegas"
"American and British",-rs3Rufq-9jy8z3eWWNd-Q,"The Birdcage Bar & Restaurant",Musselburgh
"Japanese and Korean",-rSMxn_1dL2CO3DF7YxSEg,"Sayuri Sushi Bar",Tempe
"American and British",-RV4TvjpDTZDH3k3FdBXcw,"LongHorn Steakhouse","West Homestead"
"Comfort Food",-RWF1l9kbp2woe3xoQYeVA,"Jimmy John's","Las Vegas"
"Japanese and Korean",-r_4cKz_A8tj_SkiOL50yQ,"Moko Ramen Bar","Las Vegas"
"Comfort Food",-S7aL8dVIiXjCdbTZVn8uA,"Manhattan Pizzeria and Subshop",Phoenix
"American and British",-s9Vc4QS91I4DUfR9V4VgA,"Putter's Bar & Grill","Las Vegas"
"Comfort Food",-sC66z4SO3tR7nFCjfQwuQ,"Gallo Blanco",Phoenix
Chinese,-SNpLwJNup8N96yq7sBJyw,"Thai Style Noodle House","Las Vegas"
"Southeast Asian",-SNpLwJNup8N96yq7sBJyw,"Thai Style Noodle House","Las Vegas"
"Comfort Food",-sTBvM1pOpZts9dnJ6_5Xw,Subway,Chandler
"Comfort Food",-sV52FN-D-I808tyRPEvwg,"Papa John's Pizza","Las Vegas"
"Comfort Food",-szHsdbd5-J0by2d62T3Hg,"El Pollo Correteado",Phoenix
"American and British",-T8O1amt2U6zp06FH-8n9w,"Yesteryears Goodtime Pub",Charlotte
"Comfort Food",-T9_CiPKq7xxCQQgm6UvYg,"Marco's Pizza","Mint Hill"
"Comfort Food",-taSf0shFSUKy9iCXnySsA,"Italian Village Pizza",Homestead
"Comfort Food",-TcEs-q39n1LC3kJBXZp0w,"Jack In the Box","Cave Creek"
"Comfort Food",-tcf1WSfc2iNRf75AMW6pw,"Uncle Sam's Submarines",Pittsburgh
"American and British",-tCiAYMimz6yQaaXiK7e6Q,"Village Pub & Grill","Las Vegas"
"American and British",-tD1nntnCk629fx3QgR-vQ,"Social Bistro & Wine Bar","Las Vegas"
"Comfort Food",-tD1nntnCk629fx3QgR-vQ,"Social Bistro & Wine Bar","Las Vegas"
Chinese,-tKlJDgHrJDkU7EL9c8f3A,"Jade The Taste of China",Phoenix
"Comfort Food",-tsCj7HZ1TT548bcz8U3ZQ,"Famous Dave's","Las Vegas"
"Comfort Food",-TulfYOMTsrqVVvjJRk4Fg,"Five Guys Burgers and Fries",Phoenix
"American and British",-TWhEt57J_dqStDXIMS1Rg,"Famous Toastery",Concord
"Comfort Food",-TWhEt57J_dqStDXIMS1Rg,"Famous Toastery",Concord
"Comfort Food",-U05UXvQJ1BjTEP1Hj9N-w,Arby's,Henderson
"American and British",-u0m2QhmIUYJU22psWo46Q,"Overlook Grill","Las Vegas"
"Comfort Food",-uEWETyry6mI6Jaq-nfucw,"Hans im Glück",Karlsruhe
"American and British",-uFJg_RQkt4Q7U7IMpRbMg,"Stonegate Bistro",Kitchener
Chinese,-Ug9VCpE6m6Nxb8WJLr38Q,"China MAX",Pineville
"Comfort Food",-uGyt_hSdjy4obBZRhOmRQ,"Sandbar Mexican Grill",Peoria
"American and British",-UHDEY88hqUtrTPWfQ5CgQ,Denny's,Tempe
"Southeast Asian",-uivNvzL-l33iht2QtPFzg,Bindi,Edinburgh
"Comfort Food",-ULJMKOp7_4h63Ry1VSKAg,"4one4 Pizza",Tempe
Chinese,-upCv2hYNASL42f9v7Glpw,"China East","Fort Mill"
Chinese,-UqxkoufE3WGTnLZV9em3w,"Chinatown Inn",Pittsburgh
"Southeast Asian",-urnMsIpIEjgllhwNznREQ,"Kakilima Food Cart",Madison
"Comfort Food",-UT6IHfVW_2yzz1bf8WI5g,Tediberto's,Phoenix
"Southeast Asian",-UuLQM5ZZYv7lpfUhwvbrg,"Emeraude de Bangkok",Dorval
"American and British",-UYjmGUMMVWrOQmhR3kI8g,"Bask On Seaboard",Charlotte
Chinese,-uYu2cA8Z3auYhwtlT-VXg,"Tapioca Thé",Montréal
"Comfort Food",-v31BEquLxeVPgvFHburUQ,"Casa Del Sole Pizza",Aspinwall
"American and British",-v5_76SRmuhFPC283NIAJA,"Lake Vista Cafe",Madison
"Comfort Food",-v8FrfMccLpIzong9XpiuQ,McDonald's,Chandler
"Comfort Food",-vaGR2CXNS4NZrMdctSkGA,"Los Reyes de la Torta",Phoenix
"Comfort Food",-VB2nJHj5AVJjDoSsyYIwA,"Sonic Drive-In",Concord
"American and British",-vF04fhPCoSdqgIhAZm0wQ,"Marc's Sports Grill & Nightlife",Glendale
"American and British",-vHWAsiX0iHWJw-pkqv32Q,"Kona Grill",Chandler
"Japanese and Korean",-vHWAsiX0iHWJw-pkqv32Q,"Kona Grill",Chandler
"American and British",-vI0zsfDrJfTjD7OXoQJvQ,"Bite Bistro",Pittsburgh
"Comfort Food",-VoXcKqQnlhG0Xa9VW62MQ,"Burger King",Scottsdale
"Comfort Food",-Vp12-UIQIh2zeM6SPj9FA,"Prickly Pear Fresh Mexican Grill",Scottsdale
"American and British",-vpPykvF02gMi-uyGAApsQ,"Local Jonny's","Cave Creek"
"Comfort Food",-vrZSpMYKpkahxaZcVGrbA,"Original Rocco's Famous Philly",Mesa
Chinese,-VVLldg7X2mzTXELTakMfA,"P.F. Chang's",Middleton
"American and British",-vVQyTVHitF6TOHGijVXxQ,"Fat Heads Saloon",Pittsburgh
French,-vYXWPTZQ_XI3UZ2IyZ00Q,"Europea Restaurant",Montréal
"Japanese and Korean",-VzSkmCzuoDjYsEqQcPOsw,Akemi,Verdun
"American and British",-w0g2HkH2Ncxbs_QDtsf-A,"Tukee's Sports Grill",Phoenix
Halal,-W3K-9Ea1GmFgeBf6Yxomw,Sheba's,Tempe
"Comfort Food",-W7kIVd5iQj2-jH37ej24w,"Pizza Bella",Madison
"Comfort Food",-WBSpCGGbkg-aeWd1tYOBA,McDonald's,"Las Vegas"
Chinese,-wCSqZ_VFDm7M5A2-quWFA,"Chai Tip's Thai and Chinese","North Las Vegas"
Italian,-wl5HM49RN-B-QpoZpG0DQ,"Mama Theresa's","Fort Mill"
"Southeast Asian",-wPCXTp-dagJvJY_iYzKFQ,"Flamin' Crawfish",Charlotte
"Comfort Food",-wpJFKjwRCcCYIwOxsuh1Q,Sonic,Avondale
"Comfort Food",-wvIPHSn1IaqV6Tb4N_DiA,"Stars Burgers","Indian Trail"
"Comfort Food",-wwJIaO7-diyEqxGwZKVuQ,"Sub Factory",Tempe
"American and British",-WXH-j7_Ugm6phJDdY5bzw,Applebee's,Mesa
Italian,-wYXHorkLFa8dvrR6Ij_gw,"The Italian Spoon",Scottsdale
"American and British",-wZiBWQZgk-n_QlBjVurgw,"All Bar One",Edinburgh
"American and British",-WZIxGXJHMGidZXRhKxP3w,"Mimi's Cafe",Phoenix
"American and British",-X4wXA4iZF3Bl133i7FNYQ,"Ibby's Fish & Chicken",Chandler
"American and British",-XbMPta9b0W2uguaAMsePg,"Chimera Golf Club",Henderson
"Comfort Food",-xBv8p9jzOkMyGlY07FMTA,Subway,Phoenix
"Comfort Food",-xFO1E3OiDMmdqdjwUM_DA,"Los Betos Mexican Food",Scottsdale
"Japanese and Korean",-Xf_QlKWB_oPvQEdVbjSRQ,"Takara 88",Middleton
"Comfort Food",-xK-9VwI0WbIdyme7N_0MA,Antalya,Karlsruhe
Italian,-XKza5Hr4pCDGs-fNy_Xxg,"John's Place",Matthews
"Southeast Asian",-Xl2R863UWrQEyp4dSzMaA,"Coriander India Grill",Pittsburgh
"American and British",-XlBQrxN_ZB3MZKxLBeAjA,"Marie Callender's",Phoenix
"Comfort Food",-XoFkjdXb5ZIXwoZdjJtoQ,"Papa John's Pizza",Scottsdale
"Japanese and Korean",-XQAYmeTFv4MR-M5XAZmWw,"Sushiya Sushi",Gilbert
"Comfort Food",-Xr1SHKJwz9-0V2GHsoAzw,"Restaurant Pacini",Saint-Eustache
Halal,-xTrSwtKCc20GDEYEkCPGw,Solemer,Montréal
"Comfort Food",-xUkX5hO7MrMj9OwqMQ35A,"Cafe Milano",Pittsburgh
Italian,-xUkX5hO7MrMj9OwqMQ35A,"Cafe Milano",Pittsburgh
"Southeast Asian",-XUMQ8i1DFLahHSfbev10A,"Restaurant Tibetan Om",Montréal
"American and British",-xV5z84xxsffee3EjXaxWg,"At 7th Restaurant",Charlotte
"Comfort Food",-xV5z84xxsffee3EjXaxWg,"At 7th Restaurant",Charlotte
"Comfort Food",-XyeFl7GUQTEEnrU4i5EQg,"TIABI Coffee & Waffle","North Las Vegas"
"Comfort Food",-XyuwnlKMcEj-bYJYfOcKQ,McDonald's,Charlotte
"Comfort Food",-Y2PrX3B3TqkhkmhPrQIjA,Uniburger,Montréal
"Comfort Food",-Y2rZMPttQqKXD_XJPQerA,Rubio's,"Casa Grande"
"Comfort Food",-yG3x9Xuv7PX1QSslZiWnQ,"Lefty's Pizza","North Las Vegas"
"Comfort Food",-YgM1XtGcStBpPT_ooNmdw,"Taco Bell","Fort Mill"
"Comfort Food",-YGzPpGSzNGitITP_8ej6Q,"Taco Bell",Charlotte
"Comfort Food",-yPdEze6bYRV2Sm1t4XJhg,Fuddruckers,Phoenix
Italian,-YPRd3iiS7D2DCP6Nt5W6w,"Le Petit Italien",Outremont
"American and British",-ypSXxstO11bNUl2Lhf5KQ,"Sourdough Cafe","Las Vegas"
"Comfort Food",-ypSXxstO11bNUl2Lhf5KQ,"Sourdough Cafe","Las Vegas"
"American and British",-yxfBYGB6SEqszmxJxd97A,"Quiessence Restaurant",Phoenix
Italian,-yxfBYGB6SEqszmxJxd97A,"Quiessence Restaurant",Phoenix
"Comfort Food",-yzl8Zm-MmSqx31VN7vB0Q,Corleone's,Phoenix
"Comfort Food",-Z-I5r3zpDSp1RPFr0A41A,Chick-fil-A,Concord
Italian,-zAzFnDCwBxXG-lVA4aq6g,"Italian Oven Restaurant",Pittsburgh
"American and British",-zcZNlO0JwZHppan8rGkBQ,"Chili's Too",Phoenix
"Comfort Food",-zIIYtZMuFPBXI22kL0KXg,"Times Square To Go","Las Vegas"
"Comfort Food",-zM2KnObDwyUiP9pk7Ykog,"Café Pavé",Montréal
Spanish,-ZMC5MmolT4JqxFsQRUz_Q,"Amanecer Salvadoreno Restaurant","Las Vegas"
"Comfort Food",-zp9i-4tWoyqX8SJE3jI6w,"Black Rock Pizza",Urbana
"Comfort Food",-ZTR_3FFPdFCV9l_Fq_OUA,"Palermo's Pizza","Las Vegas"
"Comfort Food",-zzS9n4EaKMBlHUG6784qw,"My Slice of the Pie Pizzeria",Phoenix
"Comfort Food",-_JBgygYYD_UkuD-GVTp6A,Schlotzsky's,Goodyear
"Comfort Food",-_jLCD1NWODEXfgEAKfUAg,"La Piñata",Phoenix
"Comfort Food",-_MW8aOOA_bJAA2kOv8X2g,"Milio's Sandwiches",Monona
"Southeast Asian",-_UANm0_Ik2_PJwrcPhHIw,"Ta Lew Thai Bistro",Gilbert
Chinese,0-407ZN5bpARlNh9FOHh6Q,"Dinghao Shanghai Bistro",Mesa
"Comfort Food",0-A_cxbEmlkkq0362cvi3A,"Hot Dog Daddy","Cave Creek"
"Comfort Food",0-lJQCSwnHmIczjcSw_N_g,"Kokobelli Bagel Cafe",Mesa
"American and British",0-sdroUNeGuoDt4J-ij3_A,"Logan's Roadhouse",Mesa
French,00bhYDS5z8kMeE1tGwokGA,"The Admiralty",Madison
"American and British",00eGk1ntf4RiDxVRY3gaIw,"Old Chicago",Mesa
"Comfort Food",00eGk1ntf4RiDxVRY3gaIw,"Old Chicago",Mesa
"Comfort Food",00F1t_WeyPx4eQV3kPqv5w,"Ray's Pizza",Surprise
"Comfort Food",00LMJtMir-rfTDOIKFA_jg,"Back Room Burger","Las Vegas"
"Comfort Food",00xD3o61AjrGOpEHiGPEwg,"Taco Shack",Tempe
"American and British",014pkZADThO2BoXFa1tuKg,"Promenade Cafe","Las Vegas"
"Comfort Food",01euuGhBwvcDhl9KcPTang,"El Salsita",Mesa
"Comfort Food",01hHIKQBwJL-GcjpGuBrLA,Bonitas,Glendale
"Comfort Food",02GXtLDFGbDI3GRvxH_znA,"Gili Gulu Chinese Takeaway",Edinburgh
Chinese,02sOq3KVhvbOzFFmkC4Qtw,"Ming Fu",Matthews
"Japanese and Korean",02sOq3KVhvbOzFFmkC4Qtw,"Ming Fu",Matthews
Italian,039MksBX4qnW6v_wOpA2Ew,"Le Ballpark",Montréal
"American and British",03eWcf0c0PciZt_gVATwMw,"Swiss Chalet Rotisserie & Grill",Kitchener
"Comfort Food",03eWcf0c0PciZt_gVATwMw,"Swiss Chalet Rotisserie & Grill",Kitchener
"Japanese and Korean",03IKzXT_2X8qV__BZdnxtA,Okia,Laval
"Comfort Food",03yij332OZ6UNqajNgZsGA,"Babcock Hall Dairy Store",Madison
"Comfort Food",04h3nxtkDfaKsJhrKRHZ-Q,"Taco Bell","Sun Prairie"
"Comfort Food",04HakCR6gEeRYNAoKxkppQ,"Hacienda Restaurant",Phoenix
"Japanese and Korean",04Jrd2zSzwHwmBqdKQDmIw,"Yogis Grill",Mesa
"Comfort Food",04MB_bGvE_XPx2cd-k4b1g,"Alfonso's Mexican Food",Chandler
"Comfort Food",04P3hZHQY4Wq7atYIkJX0Q,"Bea Taco Town",Pittsburgh
"Comfort Food",04SHVStCJ-517oUBKEBjfQ,"Roberto's Taco Shop",Henderson
"Comfort Food",05FJCAvUFOAk8B_nIOqt7A,Legends,Champaign
"Comfort Food",05FkTuKNfebc8BafSAq1Lw,"V3 Flatbread Pizza",Pittsburgh
"Comfort Food",05fTEsjUPVo5jks8PpNKCQ,"Rollin Smoke Barbeque","Las Vegas"
"American and British",05tazaFQt1EnQ_Gk_1AFyg,"Nine Fine Irishmen","Las Vegas"
"American and British",06kfoeRs9Acj82Yl3i9p_w,"Wildflower Bread Company",Gilbert
"Comfort Food",06kfoeRs9Acj82Yl3i9p_w,"Wildflower Bread Company",Gilbert
"Comfort Food",06NjrKnpuwCWQQfKpt4tvQ,"Las Islitas Mariscos","North Las Vegas"
"American and British",06nMzxx50q_S_t7D0camPw,"Bonefish Grill",Mesa
"Southeast Asian",06QAx0Xk6TtOILWtqGcTYw,"Chez Nga",Westmount
"American and British",079g3KpS_7j_Zw53JmD9Vg,"1947 Tavern",Pittsburgh
Spanish,07bUAD_qnrJAXvJou_ls4g,Firefly,"Las Vegas"
"Comfort Food",07cMlpbiOeiR8AP8JR0c_g,"Milio's Sandwiches",Madison
Chinese,07kcENxFQxwVWYiZ5fqlOg,"Da Sheng Chinese Cuisine","Las Vegas"
"Southeast Asian",07OyvsOpqTWuyTtvE4_gcA,"Palee's Crown",Mesa
"American and British",08-gH0F1IGXDDlCYEpDbMg,"Fiddler's Green",Montréal
"Comfort Food",085Y4PZ5Ezvh6SCRzxYF0g,"The Original Graziano's Pizza Restaurant","Las Vegas"
Italian,085Y4PZ5Ezvh6SCRzxYF0g,"The Original Graziano's Pizza Restaurant","Las Vegas"
Chinese,08eBj_o6oTncJR0ylM8qSg,"Rice Garden",Scottsdale
"Comfort Food",08eBj_o6oTncJR0ylM8qSg,"Rice Garden",Scottsdale
"Japanese and Korean",08IFR_ruWR96K3Q6sakI_g,"Sushi Creek","Queen Creek"
"Comfort Food",08In-bFs8JOmSTDlQ0BfFw,"Chuck E Cheese's Pizza",Phoenix
"Southeast Asian",08ke0Orbu5x3mYZPgMadaw,"Sin City Thai Restaurant","Las Vegas"
"Comfort Food",08MvFb65fOz2iET3iRqUOQ,"Arby's Roast Beef",Tempe
"Comfort Food",08mwcGYuwXeADV9eLATRyQ,"Jet's Pizza",Charlotte
French,08NQu7YaKY3m500DS7e5Tw,"Bourbon Street Grill",Glendale
Spanish,08n_s26U9MCCMe-QvEjwiA,"Piri Piri Hochelaga",Montréal
"Comfort Food",08qUHIm3HIFMnkMdS5IYLg,"Barbacoa Kings","Las Vegas"
Chinese,08Ub8lhLx1XocCxSGa7EmQ,"Liu Lius Asian Bistro","Fort Mill"
"Japanese and Korean",08Ub8lhLx1XocCxSGa7EmQ,"Liu Lius Asian Bistro","Fort Mill"
"Comfort Food",08UPumc2Tr3trW8J5SCrow,"El Rancho Mexican Grill",Madison
"Japanese and Korean",098lYL3ZpOayRvk7MbwyLg,"Teriyaki Madness","Las Vegas"
"Comfort Food",09H5iBjLtJCVl76WLW_a9w,"Toscana Osteria",Glendale
Italian,09H5iBjLtJCVl76WLW_a9w,"Toscana Osteria",Glendale
"American and British",09nlgfIqh29b_zVXPdmySg,"T.G.I. Friday's",Mesa
Chinese,09r7xwM1OTEM2hnAM8WPFA,"Noodles & Company",Oakland
"American and British",0A3i-c0_V4temKZ4BK3r2w,"Table 49",Chandler
"Southeast Asian",0a4lX5VhCXJOwe-idxnVbw,Sitara,Urbana
"Comfort Food",0ACVidzreTcv88AHqWXqNA,Subway,"Las Vegas"
"American and British",0aJVALy940i-NMWDZsIPRg,"Bisque Bar and Brasserie",Edinburgh
Italian,0ANCSsUU-kJijIe335ITpw,"Adela's Italian",Phoenix
"Comfort Food",0AOXM-nZqXro6LAT4EKqpw,"TRUE Crafted Pizza",Charlotte
"American and British",0Apb1P7RzbQEkeJDuywlPQ,"George & Dragon II English Restaurant Pub",Phoenix
"Comfort Food",0aV8mzabKSFylfi0NQGqlQ,"Los Tacos","Las Vegas"
"Comfort Food",0avjCQRA5Z2f_AuzXyILSQ,"Baguette To Go",Edinburgh
"American and British",0ayh3LxJwSbJEOlBCx9APA,"Sonoma Grille",Pittsburgh
Spanish,0ayh3LxJwSbJEOlBCx9APA,"Sonoma Grille",Pittsburgh
"American and British",0Ayzd0haow5Ek3CdfZg5bA,"Hissho Sushi",Charlotte
Italian,0AZiq_OMKs3I9lTmwd5PSg,"Tommy V's Osteria and Pizzeria",Phoenix
"American and British",0AzoCP_nz0hv0-BpXLxq_A,Farm,"North Las Vegas"
"American and British",0b0gDhZsKOB9trxVLA-jtw,"Green Dacha Grill & Hookah","Las Vegas"
"Comfort Food",0b0gDhZsKOB9trxVLA-jtw,"Green Dacha Grill & Hookah","Las Vegas"
"Southeast Asian",0b2-YVU2Oi_LHX6KwmWjpA,Darbar,Montréal
"Comfort Food",0B5Wc9BvcVTwe11-NpicTw,Subway,"Queen Creek"
"Comfort Food",0B89ylbI0L08rgiZ5mGflw,"Joe & Pie",Pittsburgh
"Comfort Food",0BgWMs-yBOFIkm9jo803Kg,"Café Frida",Montréal
"Comfort Food",0bIAt8OIgdBh-cl5t0E3pg,"Tacos & Tequilas",Phoenix
Italian,0Bilf-3-J8hIekQVWyRGWg,"Mike's Greek & Italian Cuisine",Surprise
"Japanese and Korean",0BpMvu5B9fY-KEbOuxLtFQ,"Sushi Ave",Phoenix
"Southeast Asian",0bQKW7e23wTJxgvs_p2HjQ,"Shish Kabobs & Gyros",Scottsdale
"American and British",0bQxDsdQ50AKVb8yvsyPeQ,"All American Modern Sports Grill",Scottsdale
"American and British",0BScRHEa2lVBCY4spkhmvQ,"The Grille",Mesa
"Comfort Food",0bvEdXuzPhZ_MuGA5KjPkA,"Pizzeria Bros",Montréal
"Comfort Food",0BXtWaDWN6Lh7T8mbbZniw,"Pizza & Krispy Krunchy Chicken",Phoenix
Italian,0Bygrn-XjwiYLU57EWpKiA,"La Grillia D'Oro",Lasalle
"American and British",0CeEgarUoVP2Nq9s1Mn0Aw,"Mad Dog Saloon",Mesa
"American and British",0CG3ns3gwWV5nOnfzSfUIQ,"Black Bear Diner",Goodyear
"Japanese and Korean",0CpLn6Sx7Gxv2_hThX3qzQ,"New Seoul Korean",Madison
Chinese,0cYQCqowcrW8-olV2C7ZiA,"Jong Wah Chinese Restaurant",Mesa
"Comfort Food",0D-b8L0yFcNEi9k5mkoXiw,"Capriotti's Sandwich Shop",Henderson
French,0D5T1XBQBlWnsr57GBTU7A,"P.A.K Crepes & Coffee",Phoenix
"Southeast Asian",0dAVMBoh0nK56--4dGAaDA,"Curry Leaf Indian Bistro",Pittsburgh
Chinese,0db71MbrvcJnyk71COCJBg,"Great Wall Cuisine",Phoenix
"Comfort Food",0dC-uC4Lf-Ks4DEID22X8w,"Restaurant Euro Deli",Montréal
"Comfort Food",0De3TQ_uSOXwgduKL0va3w,"Sonic Drive-In",Phoenix
"Comfort Food",0dIChGWBs9ueUXl0hhkw2w,"Crazy Jim's",Phoenix
"American and British",0DmlApp_OFX1wuwvH7rvhg,"Copper Blues",Tempe
Italian,0DR0OOVju_ZoPNVzneEQbQ,"Postino Highland",Scottsdale
"Japanese and Korean",0DtZaDi7scZJ6c1sRGs8Vw,"Ocean Sushi",Montréal
"Comfort Food",0dU-oiiYkWGT_Jwo18_Z7g,"Rosati's Pizza",Peoria
Italian,0dU-oiiYkWGT_Jwo18_Z7g,"Rosati's Pizza",Peoria
"Comfort Food",0DvsBDG0CEwIK8uQxUGiOQ,"Red Bird Cafe",Gilbert
Chinese,0DxeMAfznpqhxH1Z8O0_Yg,"Magic Wok",Madison
"Comfort Food",0e0zwBVof4t_CGIelV5gfQ,"Presse Café",Montréal
"American and British",0e1UF0jPJH_ACUL1kd1Xkw,CakesbyToi,"Las Vegas"
"Japanese and Korean",0EBR4wDqtkbMC-wghpctEg,"Samurai Sam's",Phoenix
French,0eIRZdErAEPg7G3Ewbt9Tg,"Le Bocage",Beaconsfield
Chinese,0Em690KhL9M-WqwdWlPRfA,"Fair View Chinese Cuisine","Las Vegas"
"Comfort Food",0enMncxkQZB0-rHnoFMGLg,"The Lodge At Cactus","Las Vegas"
"American and British",0EQSQwYecFTq7wpuUXLxnA,"Globe Cafe","Las Vegas"
"Japanese and Korean",0EZ3j0POS4FC5zYjUDU4Cg,"Sushi House Manda","Las Vegas"
Halal,0f-LRH0XsWdG-3DJRilp6w,"Middle East Deli",Charlotte
"Comfort Food",0f4IQo7Odn7nvvO4TCAGAw,"Carl's Jr",Chandler
"Comfort Food",0F4YI5iE5CDzeQ4_ixIFDQ,"Little Caesar's Pizza",Glendale
French,0F9SlguwWGntcxX-ZG3CSA,"Cafe Luna D'oro",Montréal
"Comfort Food",0f9yhyfnyWB9hF85PNmcLQ,"Cluck 'N Cup",Charlotte
"Southeast Asian",0FfB4c7KABDCFITS4rPY_Q,"Thai Original BBQ Restaurant","Las Vegas"
Italian,0FL85lRTZpc1I6HbfnqKuQ,"Trattoria Micco",Montreal-West
"Comfort Food",0FmQpDFbWRIPHYBInCTwlg,"Jack in the Box","Las Vegas"
"American and British",0FmWly56nUTg60-b5k0gTQ,"Bluebird Kitchen",Pittsburgh
"Comfort Food",0FQ8Kj6ZITbN8lrlIZOugA,"Monterrey Mexican Restaurant",Matthews
Spanish,0fxmzX9vxrOBDGtLWSDb4Q,"Rotisserie Ebal",Saint-Laurent
"Comfort Food",0GCpesRgXSVluFoB2otXlA,"Firehouse Subs","Las Vegas"
"Comfort Food",0gf-Yj5sEUy9fLCPOh63ng,"Pret A Manger",Edinburgh
"Japanese and Korean",0giHAKqhmiCWS-bMPzMjQw,"Aka Fuji",Verdun
"Comfort Food",0gQrhOYWdO0XVZEKtOrvaA,"Red Devil Italian Restaurant & Pizzeria",Phoenix
Italian,0gQrhOYWdO0XVZEKtOrvaA,"Red Devil Italian Restaurant & Pizzeria",Phoenix
"Comfort Food",0gsYv0BRBxd5wDYDsB9wDw,Jollibee,"Las Vegas"
Chinese,0g_KFvnPIkA8ywTXPPeRCg,"Hong Kong Asian Diner",Tempe
French,0h4Acu2I_OekwGL79lQWnA,"Le Square",Montréal
Spanish,0h64oEQLhlMrrsko7B1eNA,"Sol i Luna Restaurant",Karlsruhe
"American and British",0H7ewZ656xM0bulSMowWtQ,"Sagos Baja Tavern & Lounge","Las Vegas"
Italian,0H8Xo8XtA6GkSI2hAF0LKw,"Zarra's A Taste of Southern Italy",Pittsburgh
"American and British",0HDCJO7QbEErtnTt4_aimQ,"Muffin But The Best Cafe",Phoenix
"Comfort Food",0HDkCZtCvua-Wahio1-pBw,"Two Hippies Groovy Beach House",Phoenix
"Comfort Food",0hej0FRXraL5BNUKWhY_8w,"Taco Bell","Las Vegas"
"American and British",0hekndawD7zHxRwjQCS2Zw,Arby's,Phoenix
"Comfort Food",0hY0qoXHcI3czshcrZPpYg,"Del Taco",Phoenix
"Southeast Asian",0hYTkJtgQGu-ysCZnmFZDQ,"The Siamese Cat",Tempe
"American and British",0hZLn2MG_mRPoyrt66JnLQ,"Lucky Lou's American Grill",Mesa
"Southeast Asian",0IDIy6Ti9V4rKhX-WgWFHg,"Curry in the Box",Fitchburg
"Japanese and Korean",0idZ5QJ_divjmPyDzqktZA,"Masa Sushi",Gilbert
"Comfort Food",0ieEqGInYunNBaBzg8j_WQ,Slices,Phoenix
Chinese,0iEG_7VJVb_c-ecQlbuNKw,"New Dynasty",Montréal
"Japanese and Korean",0IHFyelJXAkNyS7tx2tRvw,"Dake Japanese Fusion Restaurant",Kitchener
"American and British",0iJhsBF_AkHsVUKCggWsQw,"The Klassik Tavern",Verona
"Comfort Food",0IJWOuv6BT3HYo2V-SttcA,"Rizanos Pizza and Pasta","Las Vegas"
"Comfort Food",0ik871AZ59p77xpkA0RwSA,"Carl's Jr","Las Vegas"
"Comfort Food",0IKwgLg_UApkFzMCAaJ1Lw,"Uncle Sam's Submarines",Pittsburgh
"Comfort Food",0iLGx8ilwfncucnYAknzzw,"Lebo Subs",Pittsburgh
"American and British",0InQd9vuhRc98OksC3Ks8Q,"Buffet Roundtable","Las Vegas"
"Comfort Food",0Ir2L-nWFFQP3jB7fnWTuw,BRGR,Pittsburgh
"Japanese and Korean",0Iu3lb-HD3IrsowtbVGzPw,Niyo,Charlotte
Halal,0IV5L36XeQShzWiUhom9bQ,"Kabob Factory","Las Vegas"
"Comfort Food",0iyIM1AbDMWjJB5OEw7WVg,"Bulldog Beer House",Montréal
Chinese,0iZBk8n6Do6-488w9qCnYg,"Taste of China & Icy Bar","Las Vegas"
"Comfort Food",0J0FdaT-dhECIrnnlfQqqA,"San Marco",Karlsruhe
Italian,0J0FdaT-dhECIrnnlfQqqA,"San Marco",Karlsruhe
"Comfort Food",0j2UisBk89SHqihr0IdlJw,"Sal's Pizza",Tempe
"Southeast Asian",0JAcUlqAKKH6Z6whR-Rl7A,"Restaurant Lanterne",Montréal
"Comfort Food",0JBktMcQgwxObtrwjILJuQ,"Pizza Hut","Las Vegas"
"Comfort Food",0jETMJNxaeKAlE_Ts0lruQ,"Little Caesars","Las Vegas"
"Comfort Food",0JFKxuixFnJen6MwOCi8Lg,"Church's Chicken",Chandler
"American and British",0JhjsUzRz98dhAUr5o2DCw,Applebee's,Henderson
"Comfort Food",0JhjsUzRz98dhAUr5o2DCw,Applebee's,Henderson
"American and British",0jidz95lm_uJomdgCGo2Hg,"Home Plate Grill & Bar","Las Vegas"
"Comfort Food",0jidz95lm_uJomdgCGo2Hg,"Home Plate Grill & Bar","Las Vegas"
"Southeast Asian",0jj0_k5J_UIf1mQtvwmMdg,"Mai Thai",Concord
"Comfort Food",0jkZZRywo3wlmZcuCFbSEg,"Macayo Vegas","Las Vegas"
"American and British",0Jm4RIxcfipZkl8KeZQVrw,"St Andrews Restaurant",Edinburgh
Italian,0Jm4RIxcfipZkl8KeZQVrw,"St Andrews Restaurant",Edinburgh
"American and British",0jMvE0Mu4GOfhztWz5YLoA,Images,Henderson
"Comfort Food",0Jouvs4G3d6CcG3pYGZ20A,"Lunch Box",Phoenix
"Japanese and Korean",0jq5ZFLRqAAujEuymdPu4g,"MOzen Bistro","Las Vegas"
Chinese,0jrqXBr8UJjlG23yJevGbg,"China Express",Mesa
"Comfort Food",0JS32I8PvxfVIAqS77jcGA,"Chipotle Mexican Grill",Glendale
"Southeast Asian",0jSLF-sYd23ZUAvXwqHDPg,"Bhima's Warung",Waterloo
"American and British",0JUcQpKWku8D86TVY6cTgA,"Hometown Classic American Eats","Las Vegas"
"American and British",0JvCE6H-JG-bm2k-snur1A,"Stella's Kitchen",Tempe
"Comfort Food",0jye3EpGbU3dFe4yf9pxzQ,"Taqueria La Unica",Charlotte
"Comfort Food",0K35eGvzVRZEirNo5v_WfA,"Ajo Al's Mexican Cafe",Phoenix
"American and British",0k7Jno-a9OoYitWZ-KFzhw,"Poppy's Bistro and Pub",Pittsburgh
"American and British",0K8roYiVL3c5koa5pDEBUw,"Bricktop's Restaurant",Charlotte
"Comfort Food",0KkMoh1zaAloeomx1cBXTw,Chick-fil-A,Charlotte
"Comfort Food",0KNRmt72IWxI1JLpfpLwSA,"Cantina 1511",Charlotte
"American and British",0kRBRm5xOWclzemsLl9iQA,"Hickory River Smokehouse",Urbana
"Southeast Asian",0KU-tajtS1YDaqNN_EmPEA,"Chennai Express",Montréal
"Comfort Food",0kw9PdEVcPsgQlhTzDW-tA,"Nyam Nyam",Edinburgh
Italian,0kw9PdEVcPsgQlhTzDW-tA,"Nyam Nyam",Edinburgh
"American and British",0kZ4aYmqf5fzTt9Yvz8Kvw,"Waffle House",Phoenix
Chinese,0L-d_BgUto2XJnuncUEpnQ,"Mama Fu's Asian House",Charlotte
"Japanese and Korean",0l028v-NfBCDW2sVkfqDRQ,"Hamada's Asiana","Las Vegas"
"Comfort Food",0l9e2aBYZfogiSUyxJEL3Q,"Manuel's Mexican Restaurant & Cantina",Phoenix
"Comfort Food",0LAazCkT204ZB5636IS5zg,"Dynamite Pizza",Kitchener
Chinese,0LBv0QQK9L6ArPkO4eXjJA,"Hong Kong Kitchen 3",Phoenix
"Comfort Food",0lEp4vISRmOXa8Xz2pWhbw,"Cafe Zupas",Phoenix
"Southeast Asian",0lFRJ0q1PU_R4YaLNRWnpA,"Nitaya Thai Restaurant",Champaign
Chinese,0LLaVEXjtW0aW0FzU9uRoA,"Yin's Chinese Resturant",Phoenix
"American and British",0lN71KKnrMMuRDIssDVGww,"The Baker's Window",Madison
French,0lP8Y9-51l7LydplYtDfBg,"La Salle à Manger",Montréal
"American and British",0Lsd35rHY6UtPFHjjxJ1LA,"1902 Tavern",Pittsburgh
"American and British",0lslsYnEVGDtXiM9V2GxWg,"Ginza Of Tokyo",Madison
"American and British",0lSpc7JQo6rXUE6nLHghLQ,"Burger Lounge","Las Vegas"
"Comfort Food",0lSpc7JQo6rXUE6nLHghLQ,"Burger Lounge","Las Vegas"
"Comfort Food",0LvRUBIc3eqav9Oitj9oNQ,"Tutti Frutti Déjeuners","Greenfield Park"
French,0LvRUBIc3eqav9Oitj9oNQ,"Tutti Frutti Déjeuners","Greenfield Park"
Chinese,0lWQSXID3T7K3DbjX7CpqQ,"China AAA","Las Vegas"
"Comfort Food",0LzYw7uhfIbk2_lKq08Jcg,"Fratelli's Ristorante & Pizzeria","Fort Mill"
Italian,0LzYw7uhfIbk2_lKq08Jcg,"Fratelli's Ristorante & Pizzeria","Fort Mill"
"American and British",0m0KmAYGvC34MfwJIEgCEA,Fuddruckers,Tempe
"Comfort Food",0m0KmAYGvC34MfwJIEgCEA,Fuddruckers,Tempe
"Comfort Food",0MdwA1XvrmrSS8vpfLwHIQ,"Nachos Fiesta",Edinburgh
"Comfort Food",0mEX61cGG-LMAdrsZL3erw,"Taco Bell",Charlotte
"Comfort Food",0mkT21dY_X5y8SM2MVul5A,"Don Tortaco","Las Vegas"
"Japanese and Korean",0mLadTWoDC6K_NFLMe29mA,K-Bowl,Champaign
"American and British",0MmjeVacAd-Moe8CesiB_Q,"Gandy Dancer Saloon",Pittsburgh
"American and British",0mPrp8m_caTxdSGfIxNtTw,"Tommy Bahama Restaurant | Bar | Store - Las Vegas","Las Vegas"
"American and British",0MQ3inDAuiq43TN9hw_Rbw,"Sonic Drive-In",Phoenix
"Comfort Food",0MQ3inDAuiq43TN9hw_Rbw,"Sonic Drive-In",Phoenix
Chinese,0MQbIFVam9tIRLSdz5_Rag,"Le Lotus Bleu Restaurant",Verdun
"Japanese and Korean",0ms0KIi4TldMAHSElBoWWg,"Kinoya Izakaya",Montréal
Chinese,0n3jILpQWJfZB9TIeBdPGA,"Beijing Banquet",Dalkeith
"Comfort Food",0nCS2KIWbqV4p5UZ8zZ6TA,"Firehouse Subs",Concord
Chinese,0NeXPGy3_N9T4IeHde7iGQ,"Nothing But Noodles",Charlotte
"American and British",0ng1b8buaqJ7deuiDxMWFg,Glutton,"Las Vegas"
"Comfort Food",0ng1b8buaqJ7deuiDxMWFg,Glutton,"Las Vegas"
"American and British",0nGjXTpUtpIJl10PL0eBGg,"Breakfast Club",Phoenix
"Comfort Food",0NhcabzEyeCIMsNCPOX-MQ,"Jimmy John's",Tempe
Italian,0NHoELbgXkqIoG8lWo0AtQ,"Dal Toro Ristorante","Las Vegas"
"Comfort Food",0NlTmTzKYXbE6Hx2iGEb5A,"El Encanto DOS",Phoenix
"American and British",0nnqnQ17emhcvi1uSheUvw,"Westwood Bar & Grill","West Mifflin"
"American and British",0NNw9CHm0X8LJBvmIJvBIA,"Jordan's Big Ten Pub",Madison
"Comfort Food",0no1_3lj2ESQFgPaJAYZtg,Subway,Mesa
"Southeast Asian",0nT6cj3YBJIJSwHL4mKlJw,"Pho Viet",Phoenix
"Southeast Asian",0NWm7KorY2NDl9jAjZPTRw,"Thai Orchid",Karlsruhe
Chinese,0nyaKW_6QHSJ74OVnDmyhA,"China Super Buffet",Phoenix
Italian,0NYKE2qvRQAuE09bIQAViQ,"Bol Italia",Chandler
"Comfort Food",0o3t16CHwlhl-44fuuhYaQ,"La Sierra Mexican Restaurant","Las Vegas"
"Southeast Asian",0o3t16CHwlhl-44fuuhYaQ,"La Sierra Mexican Restaurant","Las Vegas"
"Comfort Food",0O5yuql5sNG1L_bpHb553g,"Vinny's Pizza",Pittsburgh
Italian,0OhiWafyODzdWh4LR1Fphw,"Restaurant Da Vinci",Montréal
"American and British",0OjN8M62r8cJhSF1mGfsdg,"Sonic Drive-In",Phoenix
"Comfort Food",0OjN8M62r8cJhSF1mGfsdg,"Sonic Drive-In",Phoenix
Italian,0OO33xWUYsfIzL9DU4DfXw,"Restaurant Du College",Saint-Laurent
Chinese,0oQFFOdPZycIBmGkoBrlbg,"Noodles & Company",Madison
Italian,0ORPehdGZci1Z_BTKe_5VA,"Il Tetto:  A Rooftop Beer Garden",Pittsburgh
"Comfort Food",0oz45sNYYP2LKKBjNTD2yA,"Port of Subs","Las Vegas"
"Comfort Food",0p-JqQ3DOXC90ad563C1FQ,"Tony's Pizza- Ballantyne",Charlotte
Italian,0p-JqQ3DOXC90ad563C1FQ,"Tony's Pizza- Ballantyne",Charlotte
"Comfort Food",0P0XckSv_2_ZNKoYlhT4Gw,Culver's,Champaign
"Comfort Food",0p3MbCriuvH9hgqRK9W-LA,"Milio's Sandwiches",Madison
"Comfort Food",0pGLXuFpUNTgArmOgbBpwg,McDonald's,Mesa
"American and British",0pGUYf9eRfsk1DYmVQXjhQ,"Frank N Steins",Surprise
"Comfort Food",0pGUYf9eRfsk1DYmVQXjhQ,"Frank N Steins",Surprise
"Comfort Food",0pikmKdTttjRlDHRS68z0w,"Taqueria La Unica",Charlotte
Chinese,0Pld-vw_vixjIPaI9G2EPA,"Bob Zip",Matthews
"Japanese and Korean",0Pld-vw_vixjIPaI9G2EPA,"Bob Zip",Matthews
"American and British",0pQhnZ5CV60lSKTQg2GKng,"Oakcrest Tavern",Madison
Halal,0pXk2JkijBpi2Iz0D5pFXA,"Kabul Restaurant",Madison
"Comfort Food",0Q4SxppwaTjQnGhdjy3Hsg,McDonald's,Montréal
"American and British",0q98gY5I_5Ad_zLowCDkGA,"Lakeside Bar & Grill",Peoria
"Comfort Food",0q98gY5I_5Ad_zLowCDkGA,"Lakeside Bar & Grill",Peoria
Italian,0q98gY5I_5Ad_zLowCDkGA,"Lakeside Bar & Grill",Peoria
"American and British",0QEpZi6AelUOXfk3-lCd1A,"Down South Restaurant",Phoenix
"Japanese and Korean",0QHBb-nEi1ZX7ciSUweL0w,"Sushi San",Gilbert
"Comfort Food",0QI1fVQ3dYUws2DZhBGDpQ,Subway,"Las Vegas"
"Comfort Food",0QkkNagJaWllynycTF-fRQ,"Steel Cactus",Pittsburgh
"American and British",0qPmDwHa9NdvvIOgerR8HQ,"Canal Restaurant",Scottsdale
"American and British",0QtGVVXoDnKJxPA0v2yckA,Ceres,"Las Vegas"
Chinese,0QTn4pMzKv1mnQifcP9YoQ,"Autumn Court",Phoenix
"Japanese and Korean",0QTn4pMzKv1mnQifcP9YoQ,"Autumn Court",Phoenix
"Japanese and Korean",0qUesn1TBPpPjW20h5Lqfg,"Fresh Wasabi",Glendale
"American and British",0QUjIl8sGZsA0L1JCqVAgA,"Pink Pony",Scottsdale
"Comfort Food",0QUjIl8sGZsA0L1JCqVAgA,"Pink Pony",Scottsdale
Chinese,0QYucq-OkyThZzGdhONSHw,"Great China","Indian Trail"
"American and British",0R5W3JfCKW_DT6szm-826A,"Birch Restaurant & Bar",Charlotte
"American and British",0rBgNB2FKdIEKgNtiRa6Xw,"International House of Pancakes","Las Vegas"
"Comfort Food",0rbT0Nf-A56t4DnYIIvy-Q,"Cafe Zupas",Mesa
"Japanese and Korean",0RD2dEOZTK5eCzYT5ogH8w,PePeRo,Matthews
"American and British",0rGKsDpXf8H2fLaDEwWa4Q,"Fresh Corner",Pittsburgh
"Comfort Food",0RIAwEggED60mK3mDSTr-Q,"Davinci's Pizza",Charlotte
Italian,0rj2xW1YKAbfHxe804Fefw,"Benvenuto's Italian Grill",Fitchburg
"American and British",0RqNRc6RiILzZxK9J8Kqug,"Red Robin Gourmet Burgers",Phoenix
"Comfort Food",0RqNRc6RiILzZxK9J8Kqug,"Red Robin Gourmet Burgers",Phoenix
French,0RsYRnk0z2Y_GbK7fB9nLQ,Cabotins,Montréal
"Comfort Food",0s-OY8GuWszGYSMDAMw6kQ,"Papa John's Pizza",Charlotte
"American and British",0sbPpUIyTpcx90bLRsVx0w,"Shuffletown Drive-In",Charlotte
"Comfort Food",0SepDX0DR46sCdxkCI5Txg,"Joe's Touch of Italy",Belmont
Italian,0SepDX0DR46sCdxkCI5Txg,"Joe's Touch of Italy",Belmont
"Comfort Food",0sGhloiZf62hF_OTaahS1A,"Two Louie's Market",Pittsburgh
"Comfort Food",0sGv8StC2mq49VeqevMiQQ,"Big Mama's & Papa's Pizzeria","Las Vegas"
"American and British",0SI_lD1xTb6hUqpruo6ovw,"Gallagher's Food & Fun",Peoria
"Comfort Food",0sNQHGJCb6ckMW3P_J3oXA,"Five Guys Burgers and Fries",Tempe
"Comfort Food",0spv_UWTK46V6e7-QcXw4w,McDonald's,Phoenix
Chinese,0SQmfh7ppX3HnYx9SxmReA,"Panda Express",Mesa
"Comfort Food",0SQmfh7ppX3HnYx9SxmReA,"Panda Express",Mesa
"Comfort Food",0T0CX-ILJEOuEJnNi1Lu3A,"Hungry Howie's Pizza",Surprise
Chinese,0t9N1QJv9L4HNXpmjHbsVQ,"China Asia Super Buffet",Phoenix
"American and British",0tg9R0pSgzzozZpfSeWXzA,Wahlburgers,"Las Vegas"
"Comfort Food",0tg9R0pSgzzozZpfSeWXzA,Wahlburgers,"Las Vegas"
French,0TgiBiSmp6cHVGqDuIkANA,"Cafe Cassis",Edinburgh
Chinese,0tqq8EyKp2X5GVB6W79rCg,"Ginger Zing",Mesa
"American and British",0tqrgESNOpN2CNoEtCGYpQ,"Joe's Crab Shack",Tempe
"Southeast Asian",0u-2V1M8kHECtYCYHsarXQ,"Ray's Asian Cuisine","Las Vegas"
"Comfort Food",0U2RQ6U_9C8xczDHs6CDoA,"Bautista Filipino Kitchen",Henderson
"Southeast Asian",0udEgNqy5rLR5pZ4kD19Og,"Thai Basil",Tempe
"Japanese and Korean",0ug7k83UJlOOkiFMcLWjNQ,"T-Bar Sushi","Las Vegas"
"American and British",0UL_ZuWauXthShF2mb9iKw,"Pitcher's Pub",Madison
"Japanese and Korean",0uq7x1_pxU1hajaIDhv3MQ,"Kabuto Japanese Steak House & Sushi Bar",Charlotte
"Comfort Food",0Urh_U-9IwPoNNgteSHNGQ,"Jimmy John's",Charlotte
"Comfort Food",0UWfvm0ah-8DVSm3nkbsMg,"El Metate Mexican Food",Chandler
Chinese,0UyVyPKOhQNwqQO1hc8_6Q,"Chin Chin",Charlotte
"American and British",0UZdnZKHmCJHqN5cbM2nUw,"Johnny Rockets",Chandler
"Comfort Food",0UZdnZKHmCJHqN5cbM2nUw,"Johnny Rockets",Chandler
French,0V7lC5Xr9dVFbjXpXFbeow,"Paris 66",Pittsburgh
"Comfort Food",0vb_YDCtZo0Yk9zHF7rzSA,"Pizza Hut",Phoenix
Italian,0vb_YDCtZo0Yk9zHF7rzSA,"Pizza Hut",Phoenix
"Japanese and Korean",0Vczk_zvQgsUGTrnBzfIZg,"Bonsai Fusion",Charlotte
"Japanese and Korean",0vFCASHpp2VBeTuVus4MOg,"Kyoto Bowl",Phoenix
"American and British",0vjPlHp1eZPOyb-bcjp-9g,Castaways,Phoenix
"Comfort Food",0VLZj0f3llL9IkL5GOT3lg,"Charley's Steakery",Mesa
"Comfort Food",0vMCZfuJa5Yfnri9KlQE7w,"Port of Subs","Las Vegas"
"Comfort Food",0vtnR5YzOOoOwg7Ot9tXVg,"Baja Fresh Mexican Grill","Las Vegas"
"Comfort Food",0VV3LLrgDHrJ_n4suqKWLg,Arby's,Mesa
"Comfort Food",0vxxZSVaCDuRXIiqeZbE4g,Subway,"Las Vegas"
Chinese,0VYUal2MQs4VlUVgPYGaNg,"Cook On Wok",Henderson
"Comfort Food",0vZk2_dbdgShL8jk-wYUdg,"Ginos Pizza",Waterloo
"Japanese and Korean",0vzZ_Bcb02rJljeMU9XkBw,"Sakana Sushi & Grill",Phoenix
Chinese,0w46K_07XbKvCMe8qV6Qow,"China Pantry","Las Vegas"
"Comfort Food",0w5esOmdWtoknKhJjqbEwg,"Jac & Ray","Las Vegas"
"Japanese and Korean",0WBsN95ItG6IyiB1X2lMrA,"K Sushi Bar & Grill",Glendale
Spanish,0WfKcgXS6fnfkUJ4qLf3dw,"Barioja Tapas Bar",Edinburgh
"Southeast Asian",0Wgkqmf1uJB9AmiQK75qHw,"Slanted Rice Vietnamese Bistro",Scottsdale
"Comfort Food",0wGWhZw81cIG7YjwghZhgw,"Sunroom Cafe",Madison
French,0WhQ8juXQ7CwbuHGKTsFJw,"Les Délices de l'Île Maurice",Verdun
"Southeast Asian",0WhQ8juXQ7CwbuHGKTsFJw,"Les Délices de l'Île Maurice",Verdun
"Japanese and Korean",0WI0ydH2HtFxFswYXhE--w,"Nakama Sushi Restaurant & Lounge",Goodyear
"American and British",0wK--zW6Bgqgvnob8Qc77g,"Famous Sam's",Gilbert
French,0WkA-i33LYolDZsVjSBavw,"Chez Milo & Fine",Montréal
"Comfort Food",0wkFwbx-6gWusPuDkqgR7A,Smashburger,Gilbert
"Comfort Food",0wO_vZKvKGd6JFAnV7h3-Q,"Casa de Mateo",Montréal
"Comfort Food",0wP1vwgpnRo45coN4G7XZA,"Carl's Jr.","Las Vegas"
"Comfort Food",0Wu4-E2NKM-H8Yt7zZ-cxw,"Windy City Beefs N Dogs","Las Vegas"
"Southeast Asian",0Wv-7RqDZGRIyLzOM5cdlg,Vie&Nam,Montréal
"Comfort Food",0x4NXJFSQRRUNONxINTjWQ,"Joe's New York Pizza","Las Vegas"
"Comfort Food",0X4vhkD4OeRE5tbFz91x2A,"Pizza Hut",Higley
Italian,0X4vhkD4OeRE5tbFz91x2A,"Pizza Hut",Higley
"Japanese and Korean",0X9e90_Bn1GS0nlF1Icu2w,"Bonsa Sushi",Montréal
"Comfort Food",0XaoiuLevLVGJRAVq755qQ,"Domino's Pizza","Queen Creek"
"American and British",0xCQ27nh54em2xTG_tXLPw,"PT's Gold","Las Vegas"
"Comfort Food",0xDeTJYgo5X_ZsuI3BJ01g,"Taco Bell","Las Vegas"
"Comfort Food",0xiOY84T0FuSBKTtdKAAZA,"Chez Benny",Montréal
"Comfort Food",0XKW_jUfxG8ViW1d2VVNTQ,"Five Guys",Montréal
"American and British",0xWF7PpTNl-awqg2YGxxFQ,IHOP,Phoenix
"American and British",0yBs5wbVw9gTIDe9Z-rMTg,"Bonfire Grill and Bar",Scottsdale
"Comfort Food",0YCV8260mMgN0PxuzAtO3g,Subway,Phoenix
"Comfort Food",0YEbfeYZXkcTwjos9cgaEA,Rubio's,Scottsdale
"American and British",0YEYPidJcDh-Hgjwaisi5Q,"Black Bear Diner",Glendale
"Comfort Food",0yfN4bdKZfkFSXseB2kOBg,Guerrero's,Tempe
"Comfort Food",0ylC0tsPUY3yaoXRaCDL3Q,"Arizona Sandwich Company",Phoenix
"Comfort Food",0YoQxhMsj3GlGariDDSKfg,"The Garage Pub and Pizza","Gold Canyon"
"Comfort Food",0YTDinp9GH4kj1qp5pfeeA,"Madhatter Pub",Montréal
"Comfort Food",0YVzWax3LlWYECacU-wUqQ,"Shapla Takeaway",Edinburgh
"Southeast Asian",0YVzWax3LlWYECacU-wUqQ,"Shapla Takeaway",Edinburgh
"Comfort Food",0yX5ddNYV864ioYN2UujJw,"Papa Murphy's",Peoria
"American and British",0z60l8uFoLa0qq_h5x5zhw,"Pga Tour Grill","Las Vegas"
"Southeast Asian",0Z6KXCKH7vLi8wgNjmJkjw,"Chennai Fusion Grill",Chandler
"Comfort Food",0z9gKwvyYZGA0FMa1Tgugw,"Pizza Chicago",Tempe
"Comfort Food",0zcHBms7sK9IYv4zn_qrqQ,Chick-fil-A,"Queen Creek"
"American and British",0ZcJhkUVGmBKEJJWwMK41w,Basie's,Madison
"American and British",0Zec6RiFV6h6TbOFb7xu3A,Zinburger,Scottsdale
"Comfort Food",0Zec6RiFV6h6TbOFb7xu3A,Zinburger,Scottsdale
"Comfort Food",0zhe1C7G5lZNbd_gTyPilQ,e2GO,Charlotte
"American and British",0zHHvaVxvR5BpFXECvNNFQ,"El Dorado Bar and Grill",Scottsdale
"American and British",0ZkFx-kMwyRFOtgrqbBVGA,"C R Buns","Las Vegas"
"Japanese and Korean",0zl6CUKK3OxeoBocBiNC4w,Kazu,Montréal
Chinese,0ZPJm9g-xcKh_EpofgWVCA,"China Wok",Brentwood
"Comfort Food",0_1am1mjy0hJFyvpsk3x5g,"Mia Kosher Bakery","Las Vegas"
"Comfort Food",0_3EKletnyBQQOAqYrmUnQ,C'ChoColat,Montréal
French,0_3EKletnyBQQOAqYrmUnQ,C'ChoColat,Montréal
"Comfort Food",0_3hrGrrP-J5eeHRwQfZ6w,"Macayo's Mexican Kitchen",Phoenix
"Comfort Food",0_6u_uhvLYGRt9YLtZLa9A,"Pizzeria Luisenstube",Ettlingen
Italian,0_6u_uhvLYGRt9YLtZLa9A,"Pizzeria Luisenstube",Ettlingen
"Comfort Food",0_BIIfLeB9DEG8Tss6bZQQ,"Maldini's Taste of Italy",Pittsburgh
Italian,0_BIIfLeB9DEG8Tss6bZQQ,"Maldini's Taste of Italy",Pittsburgh
"Comfort Food",0_CG2HJGjGAgyxVKlBgLGg,"Fresh Cut",Edinburgh
"American and British",0_tdxG9EhtSc9CCHWeJAdg,"Nook Kitchen",Phoenix
"Comfort Food",0_tdxG9EhtSc9CCHWeJAdg,"Nook Kitchen",Phoenix
Italian,0_tdxG9EhtSc9CCHWeJAdg,"Nook Kitchen",Phoenix
"Comfort Food",0_vMnSRqc5aZUg1eBk3l2g,"Paradise Bakery & Cafe",Tempe
Spanish,0__f17cQ0IwyvMmXQWNYYQ,"Le Roy Pendu",Montréal
"American and British",1-1VcGTL3GyCqUpXZLFTZA,"Friday's Front Row Sports Grill",Phoenix
"Comfort Food",1-40wS09HcJnJIKRVWRL6g,"Pizza Patrõn",Phoenix
"Comfort Food",1-t2rcSaH4JGi1jejiHfCA,"Jack in the Box",Phoenix
Indian,107RvbkBZUVULsHq_0d3mw,"The Original Mosque Kitchen",Edinburgh
"Comfort Food",10BgGvCMDH-JbYsg8KRLRg,"3 Roots Coffee House and Cafe",Tempe
"Comfort Food",10GBdcrKBSL1QFnkXWjfjQ,Capriotti's,"Las Vegas"
"Comfort Food",10kKkojqQmjYfFRtfLQLpg,Arby's,Henderson
"Comfort Food",10RoUv7N_K3amPyJ3Ao2YQ,"Oregano's Pizza Bistro","Cave Creek"
Italian,10RoUv7N_K3amPyJ3Ao2YQ,"Oregano's Pizza Bistro","Cave Creek"
Halal,10Srj1qZfB9CsVAwef9_dQ,"Sababa Mediterranean Grill","Las Vegas"
"Comfort Food",10UcN8MF1kQiyTJAfHKvfQ,"Courtyard Deli","Las Vegas"
Italian,10UcN8MF1kQiyTJAfHKvfQ,"Courtyard Deli","Las Vegas"
"Comfort Food",10VZ8KEshqD5twjcmZ-eaw,"El Portal Restaurant",Phoenix
French,11NjTU-TnxoEJICfsJ44Rg,"Old Dixie's",Glendale
"Comfort Food",11TvD4sCfA8GEqLDANpbSQ,"Los Jarritos Restaurant",Phoenix
"American and British",11XUTAA8QO11cuyzEPVOkg,"Mac's Speed Shop",Charlotte
"American and British",11yg-JMNCFowyIjJarzuDQ,Hardee's,Madison
French,11_Py0PMSwvnok8K9I3AgA,"Razzoo's Cajun Cafe",Concord
"American and British",120FPCmDjdvuHrAnRmHKKQ,"Logan's Madtown",Madison
"Comfort Food",120FPCmDjdvuHrAnRmHKKQ,"Logan's Madtown",Madison
"Comfort Food",126Dmjf_NJs6OJ3ttI-J5Q,McDonald's,Karlsruhe
"Japanese and Korean",12Abu2ipAXn5RfXe9y_pdQ,"Blue Wasabi Sushi & Martini Bar",Scottsdale
"Comfort Food",12srsQVQDykj2LQiCPmLuw,Subway,Mesa
"Comfort Food",136zvrfN6Kpr9tFj3OMNUQ,"Panchero's Mexican Grill",Tempe
"Comfort Food",13ApBJpR1W7cke__9j74Bw,"Jack in the Box",Surprise
"Comfort Food",13lNc7KSuVHBrUybTR23qw,"Picazzo's Organic Italian Kitchen",Surprise
Italian,13lNc7KSuVHBrUybTR23qw,"Picazzo's Organic Italian Kitchen",Surprise
"American and British",13PvboYaAq6zLO6vbiU9WA,"The Miners Grill","Apache Junction"
"Comfort Food",13PvboYaAq6zLO6vbiU9WA,"The Miners Grill","Apache Junction"
"American and British",13QT4GjYFy9c1gmRwV-kLA,"Seabreeze Cafe","Las Vegas"
Italian,141RZw5r7oHtcGa-A-R_cw,Rigatoni's,Edinburgh
"Comfort Food",142B55RUI8L5rfwIuVatMA,"Peter Piper Pizza",Scottsdale
"Comfort Food",14gY1iJ-KRnERxHj4ONasA,"Giovanni's Pizza & Pasta",Pittsburgh
Italian,14gY1iJ-KRnERxHj4ONasA,"Giovanni's Pizza & Pasta",Pittsburgh
"American and British",14JrDlEb7SMK_ZHrS80lFA,"The Pub Chip Shop",Pittsburgh
"American and British",14K90G-hbfk795NY7cKxMA,"Blue 32 Sports Grill",Gilbert
"Comfort Food",14NSxaXBNspIVnsrMYJZVw,Poncho's,Phoenix
"Comfort Food",154tSL4P_0sblVtP7uP3_Q,Cosi,Middleton
Indian,15JZ0ME6eOtShdLctzfR6w,"Copper Kettle",Chandler
"Southeast Asian",15JZ0ME6eOtShdLctzfR6w,"Copper Kettle",Chandler
"Comfort Food",15lx030rVuzdWXWRZVCGAw,Subway,Mesa
"Japanese and Korean",15srJBiBZBt0iKsWSABwRg,"Sushi Bomb","Las Vegas"
"Southeast Asian",1621ir5mjVgbHwxCbMAEjg,"Thai Rama",Tempe
"Comfort Food",166feddAL9YETnzTSUJ8aA,"Del Yaqui",Guadalupe
"Comfort Food",16jP9XNNLLv7e_hpLX_jIA,"F+F Pizza",Montréal
"Comfort Food",16myUO2uD2vdFeuQu3OWhg,"Papa John's Pizza",Goodyear
"Comfort Food",16vBOBiEkjuJV88nVK4Tvw,"Taqueria Y Cenaduria Culiacan",Tolleson
Halal,16VWORTVIsJ6QZt3HTxj3w,"Shahrazad Middle Eastern Cuisine",Tempe
"Comfort Food",16yAOGqd3cF0srbeRfkaow,Philpotts,Edinburgh
"American and British",16_M0bA14jGcOE0hLmZK_w,"A Room In The Town",Edinburgh
"Southeast Asian",17DI33J8TkcfzyoiIYLQIw,"Thai House",Scottsdale
"Southeast Asian",17FKJgS11HppOf00qXKEqA,"Lemongrass Café","Las Vegas"
"Comfort Food",17oqHZBoPEsASMB402ns5w,"Silver Platter","Fort Mcdowell"
"Comfort Food",18922Xj4KzD0ChYRMmWldA,"Bread and Salt",Pittsburgh
"Comfort Food",18FygiATTjYHyLz8A5Prcw,"Pizza Hut",Surprise
Italian,18FygiATTjYHyLz8A5Prcw,"Pizza Hut",Surprise
"Comfort Food",18oecrR4bf-ctLvVGEaSLg,"In-N-Out Burger",Mesa
"Comfort Food",19gGxL5cofD_CsA_3vOPKg,"Krispy Kreme",Edinburgh
"American and British",19hZVXTJ8nGUMBsuIfgm5g,"Petes Fish & Chips",Phoenix
"Comfort Food",19yh2tk7HXOBG8GU0_OrKQ,"Caramba Fresh Mexican Food",Glendale
"Comfort Food",1a1WNQw-0lwjl2FBapFbHA,"Nino's Kitchen","Las Vegas"
"Southeast Asian",1aFu-WWB_5slFJrT7enPJQ,Voujon,Edinburgh
Spanish,1aHoOynysVOQnkethOWWkA,"Rotisserie Portugalia",Montréal
"Southeast Asian",1alcD9lDjwxDIcGaUh9oCw,"Taste of India",Madison
"Comfort Food",1aOiRg6IJSimaexJspyvfQ,Hunbertos,Gilbert
"Comfort Food",1AR1oHvHVPihkNWNyQ7wtA,McDonald's,Mesa
"Comfort Food",1arFPq3HVIPnGkIVw6RAJw,"Primanti Brothers at PNC Park",Pittsburgh
"Comfort Food",1AXQja1QV47FGU0Jp0CSxw,"Bojangles' Famous Chicken 'n Biscuits",Charlotte
"Comfort Food",1A_4WE4hdpdU3pG6PWUOVw,"Pizzeria Antica",Champaign
Italian,1A_4WE4hdpdU3pG6PWUOVw,"Pizzeria Antica",Champaign
"American and British",1b4gwgMI7611EYfSuXbA6w,"Butchers Hook Restaurant","Tonto Basin"
"Comfort Food",1B5vpxnZYXKil_k5d5MpEQ,"Taco Bell",Phoenix
"Comfort Food",1befOgRP6P_AwzA1K6RJ4A,"Dickey's Barbecue Pit",Middleton
French,1BeJunz8wYpPHKDPZRW-ig,"Le Mouton Noir",Edinburgh
Italian,1bJjWGYip-V2PGj4VIwbiQ,"Battista's Hole In the Wall","Las Vegas"
Chinese,1bLnV57i6UYvG_FSG-7WTg,"New Wok Chinese Food",Avondale
French,1bPngA5zYQjTvt-qQ4xJqw,"Le Local",Montréal
"Comfort Food",1BR0QpmxXzRZv14wvW5rtQ,Subway,Scottsdale
Spanish,1br0wXRxz1pf98BDYTGcsw,"Pita Jungle",Phoenix
"Comfort Food",1CaDfssfTHQAcm_U6QgldQ,"Original Chicken Tender","Las Vegas"
"American and British",1cCF9wHMJIaaQmj7wqRqMg,"The Nile Cafe",Scottsdale
"Comfort Food",1cGZU2gDewDfEu-bBMZEgQ,"Los Betos Mexican Food",Phoenix
"American and British",1CNKe3H07sLu6rigOpAYsg,"Dave & Buster's",Tempe
"Comfort Food",1crhTa8JGy32Tku1Jkx_Cg,".99 Cent Pizza Place",Mesa
"American and British",1cryKcsY47JGigLuUeMsTw,"The Philosophers Stone Tavern",Charlotte
"Comfort Food",1d5XAAH39FKenV3_9gcFIw,"Steak 'n Shake",Champaign
"Comfort Food",1dAA6vT55o35XZT3DV4hSA,"Hungry Howie's Pizza","Las Vegas"
"Comfort Food",1Dba1fUiAMSpPmR0pI05ag,Azteca,Montréal
Italian,1dcpebH2Pxo_9XY6HHpBYw,"Restaurant Guido & Angelina",Montréal
"Comfort Food",1dcY-5qVX3NnFn6FiHFrzw,"Firehouse Subs","Indian Trail"
"American and British",1DDTdvU06tng7o0vU7-rig,"Coco's Bakery & Restaurant",Mesa
Spanish,1DjRf3AdYpdlC1Df9KD6rA,"Fire + Spice",Tempe
"Comfort Food",1dk07edqr5_7goS6AnXAjw,"Red Rock Pizza","Las Vegas"
Italian,1dk07edqr5_7goS6AnXAjw,"Red Rock Pizza","Las Vegas"
"Comfort Food",1dnarzaw3bwFrK38hldi_Q,"360 Gourmet Burrito","Las Vegas"
French,1dprSfGrxNxgYiuYcmb3FQ,"Liverpool House",Montréal
"Comfort Food",1dsO4GdGe7OKrXmd9nfneg,"Bodrum Express",Edinburgh
"American and British",1Duul3qCnLrNak1Np-iHfw,"Pita Jungle",Chandler
"American and British",1e3C5v3vz40fOwfx3wVmGQ,"The Lodge",Charlotte
"Comfort Food",1e3C5v3vz40fOwfx3wVmGQ,"The Lodge",Charlotte
"Japanese and Korean",1e3fhhmJYjYDLTlZc30eZw,Makino,"Las Vegas"
Chinese,1E53rS8afK2jiLod8Jwy7A,"Fu Lai Chinese Restaurant",Pittsburgh
"Comfort Food",1eBJyYf3JEccqXUFxG1VWQ,"Dilly's Deli Sandwich Shop",Scottsdale
"American and British",1eJ0pC6UrQVkDSflgrs0Fw,"Elephant Bar Restaurant",Peoria
"Comfort Food",1eLPQ67ayM5JoV7O7mn0kQ,"Restaurant Amaranto",Montréal
Halal,1epH2hHsZ2HoSU8ugWWSOw,Juba,Tempe
"American and British",1F-pelV0fTduYV_vCrvjLA,"Black Bear Diner",Gilbert
"Comfort Food",1F3wLIHATM_-Ec_E4GAoiw,Arby's,Scottsdale
"Comfort Food",1FCf9zA5Pylc4PDcrDqsZQ,Smashburger,Mesa
"Comfort Food",1FFatRz562qU7sSwrkkbqA,"Big John's Submarines",Kitchener
"Japanese and Korean",1FiymySkWsWxDNaUAP1LuQ,"Sea Saw",Scottsdale
"American and British",1fq7wZgwjG528cDpunvFZQ,"Brooklyn's Restaurant",Henderson
"Comfort Food",1fq7wZgwjG528cDpunvFZQ,"Brooklyn's Restaurant",Henderson
"Comfort Food",1Fudh7tTDIUBDiYcwhLtVw,McDonald's,"Las Vegas"
"Southeast Asian",1Fupq7erFi4uqC_gd9ypQg,"PINKAOW Thai Restaurant",Henderson
"Comfort Food",1FZpgQ0yWA7NqKdj2PMFGQ,"Great Wraps","Las Vegas"
"Comfort Food",1f_DXcxpAKfILKK6cDPLxQ,"Sign Of The Whale",Tempe
Italian,1ggcLvWPBDWnp5MVTRnoRg,"The Old Spaghetti Factory",Chandler
"Japanese and Korean",1GGX0LW19kIPoEBgwd65lg,"East Boy","Las Vegas"
"Comfort Food",1GhNcayyYhNapZsScKnmwg,Subway,Charlotte
"Comfort Food",1Gu4Ei5MRllLM4y18CB3sg,"Thin Man Sandwich Shop",Pittsburgh
"Comfort Food",1GYjuEYlbaQzEaCBKGirJg,"Firehouse Subs","Las Vegas"
"American and British",1gyztgqbLEGnBY9wJCQKRw,"Luma Restaurant",Pittsburgh
Halal,1GYzYjw-eLqppSL1ni82sA,Elfalafel,Edinburgh
"Comfort Food",1h88e48P845HXL4SVHzX0g,"Five Guys Burgers and Fries",Phoenix
"Comfort Food",1H9FepbMY9ckFfeY1ciHIA,"Tortas Y Raspados La Cascada",Avondale
Chinese,1HbKFWG5QKzYkuNxig6H7w,"Saigon Noodles",Madison
"Southeast Asian",1HbKFWG5QKzYkuNxig6H7w,"Saigon Noodles",Madison
"American and British",1hBOR97oX5Xph3J8Tdob7w,"Cheeseburger in Paradise",Middleton
"Comfort Food",1hBOR97oX5Xph3J8Tdob7w,"Cheeseburger in Paradise",Middleton
"American and British",1hcGT6I1vAIH_pZuyud0HQ,"Brickyard Sports Bar and Grill",Phoenix
"Comfort Food",1HejWsAvJ7pg3n6hUCObmA,"Rialto Pizza",Pittsburgh
"Japanese and Korean",1hIxn8IpLTjXX8ogsO67bA,Hakataya,Edinburgh
"Comfort Food",1HmLi5NNs0_FDYYxBgRxzw,"Taco Bell",Charlotte
"Comfort Food",1HNEj6kcEw369RX9Vlcixw,"Filiberto's Mexican Food",Mesa
"American and British",1hTBIFVqHfI1hRpdS8iIgg,"Vogue Bistro",Surprise
French,1hTBIFVqHfI1hRpdS8iIgg,"Vogue Bistro",Surprise
"Comfort Food",1hyJEY-DGD898iN6S-AmtQ,"Rosatis Pizza",Chandler
"American and British",1h__4qbRjvyVvVwCgbKroA,"The Magnum Restaurant and Bar",Edinburgh
"Comfort Food",1iw4g7qcKua2-V06RQpyCw,Dagwoods,Phoenix
"Comfort Food",1IxGmH6sn7CnUl8BVwp5hA,"Garcia's Pizza In A Pan",Champaign
"Comfort Food",1Ix_kSqJLhkRcNuYCfl1yA,"Tony's Pizza II",Henderson
Italian,1Ix_kSqJLhkRcNuYCfl1yA,"Tony's Pizza II",Henderson
"Comfort Food",1I_lxaBBCK4TqYliZhfokg,"MStar Sandwich",Montréal
"Southeast Asian",1JcoUEPkcGQtCEed-OdezQ,"Silk Elephant",Pittsburgh
Spanish,1JcoUEPkcGQtCEed-OdezQ,"Silk Elephant",Pittsburgh
"Japanese and Korean",1jDHVggroVhQAKLdktUhug,"Fai Sushi",Karlsruhe
Chinese,1jGidLvb-bnBlCRD_a1h5w,"Royal Buffet",Charlotte
"Comfort Food",1jKsbHOTMjUU5KVBAVaiAQ,Chick-fil-A,Tempe
"American and British",1jl3G4VZjkEVboD7cUZ0gQ,"Walnut Grill",Pittsburgh
"Comfort Food",1Jmf09hDwaXoE06YK3P9GA,"Red Fort",Edinburgh
"Southeast Asian",1Jmf09hDwaXoE06YK3P9GA,"Red Fort",Edinburgh
"American and British",1jmSAp3ZTTUJ4idPrARfkw,"Roadrunner Saloon",Henderson
"American and British",1kbC_52wOm8FxbbmZWS3Yw,JoBlo,Verdun
"American and British",1Kcg-u0tDxHdyHIyEkMMqA,"Panther Hollow Inn",Pittsburgh
"Comfort Food",1kDAS9KY0BgtIrjhbQsCkQ,"Mariscos El Rey",Mesa
Chinese,1KFrIIhGMKwo2IvWnwAoSg,"Chow's Restaurant Chinese Food",Dorval
"American and British",1kMR_HUA8i-wYOJFZfLhBA,"32nd Cafe",Phoenix
"Comfort Food",1kMR_HUA8i-wYOJFZfLhBA,"32nd Cafe",Phoenix
"Comfort Food",1Kq-4VwjJRgx-Ekhk6hM6g,"Pizza Five85",Scottsdale
"Southeast Asian",1ksEqDWneqp8vn1m2zSueg,"Pho A.V",Phoenix
"American and British",1Kuuu75LVwr5-1OQ3Zv71w,"Squirrel Hill Cafe",Pittsburgh
"Comfort Food",1kVg1hADY5MUGMYuuHRJSw,"Domino's Pizza",Henderson
"Comfort Food",1l6dBf8GkQTShXvoH0Of-g,Subway,Buckeye
Chinese,1ldDbggHHgPlj3k0SpBTKQ,"Sam Woo BBQ Restaurant","Las Vegas"
"Comfort Food",1LD__W5yqA5smXbF0EQ1bg,"Tacos Al Carbon","Las Vegas"
Chinese,1lG_Cf7fX2QWDrsRxU2iFA,"Lotus Garden Cuisine","Las Vegas"
"American and British",1lqT4TrvR-EJAXc4Zr3cjA,"Rainbow Bar and Grill","Las Vegas"
French,1lS4-F785wYGn6u2dzUgow,"Le Sans Souci Restaurant","Cave Creek"
French,1LssNZj0_KKTLwduP0ZFEg,"Bistro Florin",Montréal
"American and British",1LSxfyNIUFbQb-Ej0FDGTw,"Mimi's Cafe",Phoenix
Chinese,1lUq6FGNXB-WhQtFF3Mrtg,"Zen Buffet",Glendale
Chinese,1LVq-vrSkNSD0EIIBLnlSw,"Oasis Asian Kitchen","Las Vegas"
"Southeast Asian",1LVq-vrSkNSD0EIIBLnlSw,"Oasis Asian Kitchen","Las Vegas"
"American and British",1M4oczf2lmkdgbrJ3J7OqA,"Christopher's and Crush Lounge",Phoenix
"Comfort Food",1Ma08mOkfr6egCRFixawtQ,"La Pizza Bella",Pittsburgh
Italian,1Ma08mOkfr6egCRFixawtQ,"La Pizza Bella",Pittsburgh
French,1mdFPa5DNCwhM7QGfypuyA,"Tinoco's Bistro","Las Vegas"
Italian,1mdFPa5DNCwhM7QGfypuyA,"Tinoco's Bistro","Las Vegas"
"Comfort Food",1mGjUeBlm3Z3LDFsbTYqwQ,"Restaurant Zibo",Montréal
"Japanese and Korean",1MiiUX0bjhfQoVF9c-be_A,"Hibachi Express & Grill",Charlotte
Chinese,1MJ5xmHmeCiau07X2bQyUQ,"KJ Kitchen","Las Vegas"
"American and British",1MMztCZKPtw9DoCVflfZFg,"BJ's Restaurant & Brewhouse",Henderson
"Comfort Food",1MMztCZKPtw9DoCVflfZFg,"BJ's Restaurant & Brewhouse",Henderson
"Japanese and Korean",1mOxsDg-r02Ftfpl_D3Xfw,"Restaurant Côba",Montréal
"Southeast Asian",1mOxsDg-r02Ftfpl_D3Xfw,"Restaurant Côba",Montréal
"Comfort Food",1MQmujTuU-3qPdoogdA8CQ,"Joyride Taco House",Phoenix
Chinese,1MRWXUsIvKNwt5SdLxqhZA,"Fat Dumpling","Las Vegas"
"Comfort Food",1MV1NiYK-AbmEwRGR8n1pQ,"Del Taco","Las Vegas"
"Comfort Food",1MXTtKLbuERFH9RZJBQiYA,Subway,Tempe
"Comfort Food",1mzM1-IeDhPOmWXaHOUbmw,"Burger King",Surprise
"Comfort Food",1N-JHg3TBXq8-Sx-vt6rdw,Julioberto's,Peoria
"Comfort Food",1n1fnITYvF-539rAL6nhTQ,"Sclafani's Famous Pizza",Scottsdale
"Comfort Food",1n1nP996n7h36qKMlukAQg,"Federico's Mexican Food","Litchfield Park"
"Comfort Food",1NarMOcLeTcMY8TOUew_zA,"Salty Senorita",Scottsdale
"American and British",1Nel1EAo496ek-NntDNDwg,"Raising Cane's","Las Vegas"
"Comfort Food",1Nel1EAo496ek-NntDNDwg,"Raising Cane's","Las Vegas"
"Comfort Food",1NferxQuGCPNBPVRBbdLpg,"Queens Pizzeria and Cafe",Mesa
Italian,1NferxQuGCPNBPVRBbdLpg,"Queens Pizzeria and Cafe",Mesa
"American and British",1nO6ffHEwZYFBzEsyw1w7w,FIX,"Las Vegas"
"Comfort Food",1nq6zzJuVgwaHtXau97_Iw,"Asadero Norte De Sonora",Phoenix
"Comfort Food",1nsxori657cAx2hiyYb4rA,"El Ranchero Mexican Restaurant",Phoenix
Spanish,1nYhyiluPnAGssHin3dU1g,Galo,Mont-Royal
"Comfort Food",1NY_yI7WuhNd-cAFktTbIQ,"Little Caesars",Charlotte
"Comfort Food",1NZLxU5WvB5roPFzneAlLw,"Barrio Café",Phoenix
"Comfort Food",1o0zpZW-8TiA5qRtMzU9xw,"Feeney's Weenies",Pittsburgh
"Comfort Food",1OA1jo0GlK9sf68f00w8ZQ,"In-N-Out Burger",Tempe
"Comfort Food",1oFvqm7eSpJbVpxpPxueaA,"Buca di Beppo Italian Restaurant",Peoria
Italian,1oFvqm7eSpJbVpxpPxueaA,"Buca di Beppo Italian Restaurant",Peoria
"Japanese and Korean",1ohCXrrWNxcqKJXbyyajWw,"Ichigo Ichie",Montréal
"Comfort Food",1OkZfDe0FqTPrvH1EG2knQ,"El Valle Mexican Restaurant",Matthews
"Southeast Asian",1olAT5l8ZiKLVavyWkeElw,"Thai Taste",Charlotte
"Comfort Food",1ONHtBx7aAU4Gsr_jx-pGg,"California Pizza Kitchen","Las Vegas"
"Comfort Food",1OO3fy6z5lxlRuHnnhPStg,"Best of Europe Meats & Deli",Phoenix
"Comfort Food",1OQHQz0ErI15EZ6qtp1-Pw,"Jack-In-the Box Drive Thru",Phoenix
Halal,1OuEfF4qB_sBv3RfabrvrA,"Meze Meze",Edinburgh
French,1P3EU4xdvG5fJgqlp9KFrw,"Le Mitoyen",Laval
